'Page Number,'Type,'Text,'Confidence Score % (Line),
"'1","'LINE","'Lovato","'94.15657043"
"'1","'LINE","'I","'85.23557281"
"'1","'LINE","'GB","'98.20810699"
"'1","'LINE","'electric","'99.80388641"
"'1","'LINE","'SERIE DCRG8","'99.77419281"
"'1","'LINE","'DCRG8 SERIES","'99.74449921"
"'1","'LINE","'LOVATO ELECTRIC S.P.A.","'99.35287476"
"'1","'LINE","'24020 GORLE (BERGAMO) ITALIA","'98.78876495"
"'1","'LINE","'VIA DON E. MAZZA, 12","'91.75430298"
"'1","'LINE","'PROTOCOLLO DI COMUNICAZIONE","'99.67913055"
"'1","'LINE","'MODBUS® COMMUNICATION PROTOCOL","'97.93373871"
"'1","'LINE","'I432IGB05_20","'55.23596954"
"'1","'LINE","'TEL. 035 4282111","'93.16193390"
"'1","'LINE","'MODBUS®","'95.30871582"
"'1","'LINE","'TELEFAX (Nazionale): 035 4282200","'95.21023560"
"'1","'LINE","'TELEFAX (International): 035 4282400","'94.43937683"
"'1","'LINE","'Web www.LovatoElectric.com","'99.03091431"
"'1","'LINE","'E-mail info@LovatoElectric.com","'99.17291260"
"'1","'LINE","'PROTOCOLLO MODBUS®","'94.90354156"
"'1","'LINE","'MODBUS® PROTOCOL","'94.12866974"
"'1","'LINE","'La centralina di rifasamento DCRG8 supporta i protocolli","'98.17749023"
"'1","'LINE","'The digital power factor controller DCRG8 supports the","'99.67930603"
"'1","'LINE","'di comunicazione Modbus RTU® e Modbus ASCII® sulla","'96.98596191"
"'1","'LINE","'communication protocols Modbus RTU® and Modbus","'98.96042633"
"'1","'LINE","'porta seriale RS-485.","'99.07923889"
"'1","'LINE","'ASCII® on the RS-485 serial port.","'97.93148041"
"'1","'LINE","'La centralina di rifasamento DCRG8 supporta i protocolli","'97.36179352"
"'1","'LINE","'The digital power factor controller DCRG8 support the","'99.64004517"
"'1","'LINE","'di comunicazione Modbus RTU® e Modbus ASCII® sui","'97.48724365"
"'1","'LINE","'communication protocols Modbus RTU® and Modbus","'99.07120514"
"'1","'LINE","'moduli di espansione:","'98.86167908"
"'1","'LINE","'ASCII® on the expansion modules:","'97.27076721"
"'1","'LINE","'EXP 10 10","'92.37773132"
"'1","'LINE","'USB","'99.56951904"
"'1","'LINE","'EXP 10","'94.11058044"
"'1","'LINE","'USB","'99.38396454"
"'1","'LINE","'EXP 11","'93.44905853"
"'1","'LINE","'RS232","'99.69647217"
"'1","'LINE","'EXP 11 RS232","'94.88755798"
"'1","'LINE","'EXP 12","'93.78502655"
"'1","'LINE","'RS485","'99.75505829"
"'1","'LINE","'EXP 1012 RS485","'82.91925812"
"'1","'LINE","'EXP 10 13","'91.70958710"
"'1","'LINE","'Ethernet","'99.37599945"
"'1","'LINE","'EXP 13 Ethernet","'96.62580872"
"'1","'LINE","'Grazie a questa funzione e' possibile leggere lo stato","'97.55193329"
"'1","'LINE","'Using this function it is possible to read the device","'99.06252289"
"'1","'LINE","'degli apparecchi e controllare gli stessi tramite il software","'98.25099945"
"'1","'LINE","'status and to control the units through the dedicated","'99.56661224"
"'1","'LINE","'di controllo remoto dedicato (DCRJ remote control),","'99.33989716"
"'1","'LINE","'Remote control software (DCRJ remote control), third-","'99.41790771"
"'1","'LINE","'software di supervisione standard forniti da terze parti","'99.42126465"
"'1","'LINE","'party supervision software (SCADA) or through other","'99.54254913"
"'1","'LINE","'(SCADA) oppure tramite apparecchiature dotate di","'99.28611755"
"'1","'LINE","'intelligent devices supporting Modbus®, like PLCs.","'96.52652740"
"'1","'LINE","'interfaccia Modbus® quali PLC e terminali intelligenti.","'97.52117920"
"'1","'LINE","'IMPOSTAZIONE DEI PARAMETRI","'99.50933075"
"'1","'LINE","'PARAMETER SETTING","'99.65292358"
"'1","'LINE","'Per configurare il protocollo Modbus®, accedere al","'95.17635345"
"'1","'LINE","'To configure the Modbus® protocol, enter SETUP","'98.06290436"
"'1","'LINE","'SETUP MENU e selezionare il menu M16.","'97.26144409"
"'1","'LINE","'MENU and choose the M16 menu:","'99.16729736"
"'1","'LINE","'E' possibile configurare 2 moduli di espansione (n=1..2).","'97.64305115"
"'1","'LINE","'It is possible to configure 2 different expansion modules","'98.25162506"
"'1","'LINE","'(n=1..2).","'96.17646027"
"'1","'LINE","'MENU M16 COMUNICAZIONE SERIALE","'97.62635040"
"'1","'LINE","'PAR","'99.69726563"
"'1","'LINE","'Funzione","'99.77300262"
"'1","'LINE","'Range","'99.89178467"
"'1","'LINE","'Default","'99.79252625"
"'1","'LINE","'MENU M16 SERIAL COMMUNICATION","'97.12377167"
"'1","'LINE","'P16.n.01","'98.78507996"
"'1","'LINE","'Indirizzo","'99.47444916"
"'1","'LINE","'1..245","'56.18044662"
"'1","'LINE","'1","'91.56907654"
"'1","'LINE","'PAR","'99.76562500"
"'1","'LINE","'Function","'99.92187500"
"'1","'LINE","'Range","'99.88201141"
"'1","'LINE","'Default","'99.88281250"
"'1","'LINE","'P16.n.01","'99.12767029"
"'1","'LINE","'Address","'99.91210938"
"'1","'LINE","'1..245","'59.56452942"
"'1","'LINE","'1","'93.12041473"
"'1","'LINE","'P16.n.02","'98.65254211"
"'1","'LINE","'Velocità","'98.44865417"
"'1","'LINE","'1200","'99.88281250"
"'1","'LINE","'9600","'99.75426483"
"'1","'LINE","'RS-232","'99.30504608"
"'1","'LINE","'2400","'99.84295654"
"'1","'LINE","'baud","'99.76403046"
"'1","'LINE","'P16.n.02","'98.98696899"
"'1","'LINE","'RS-232","'99.34410858"
"'1","'LINE","'1200","'99.84295654"
"'1","'LINE","'9600","'99.73473358"
"'1","'LINE","'(baud)","'99.93164063"
"'1","'LINE","'4800","'99.87304688"
"'1","'LINE","'Baud","'99.85271454"
"'1","'LINE","'2400","'99.88281250"
"'1","'LINE","'baud","'99.92187500"
"'1","'LINE","'9600","'99.79412842"
"'1","'LINE","'Rate","'99.89257813"
"'1","'LINE","'4800","'99.89257813"
"'1","'LINE","'19200","'99.87304688"
"'1","'LINE","'9600","'99.87304688"
"'1","'LINE","'38400","'99.85271454"
"'1","'LINE","'19200","'99.75347137"
"'1","'LINE","'57600","'99.89257813"
"'1","'LINE","'38400","'99.85271454"
"'1","'LINE","'115200","'99.71281433"
"'1","'LINE","'57600","'99.91210938"
"'1","'LINE","'P16.n.03","'98.96903229"
"'1","'LINE","'Formato dati","'99.21475983"
"'1","'LINE","'8 bit Nessuna","'96.84231567"
"'1","'LINE","'8 bit","'94.90812683"
"'1","'LINE","'115200","'99.83398438"
"'1","'LINE","'8 bit Dispari","'97.57898712"
"'1","'LINE","'Nessuna","'99.84215546"
"'1","'LINE","'P16.n.03","'98.93654633"
"'1","'LINE","'Data","'99.79412842"
"'1","'LINE","'8 bit None","'96.99105835"
"'1","'LINE","'8 bit None","'96.99584198"
"'1","'LINE","'8 bit Pari","'97.00899506"
"'1","'LINE","'format","'99.64365387"
"'1","'LINE","'8 bit Odd","'96.39150238"
"'1","'LINE","'7 bit Dispari","'97.72354126"
"'1","'LINE","'8 bit Even","'97.23506927"
"'1","'LINE","'7 bit Pari","'97.46260071"
"'1","'LINE","'7 bit Odd","'97.09502411"
"'1","'LINE","'P16.n.04","'97.75769043"
"'1","'LINE","'Stop bit","'98.41149139"
"'1","'LINE","'1","'92.72061920"
"'1","'LINE","'1","'93.19914246"
"'1","'LINE","'7 bit Even","'97.18212128"
"'1","'LINE","'2","'96.99138641"
"'1","'LINE","'P16.n.04","'99.38157654"
"'1","'LINE","'Stop bit","'98.61048889"
"'1","'LINE","'1","'91.89293671"
"'1","'LINE","'1","'91.84909058"
"'1","'LINE","'P16.n.05","'98.97061920"
"'1","'LINE","'Protocollo","'99.84215546"
"'1","'LINE","'Modbus RTU","'99.58177185"
"'1","'LINE","'Modbus","'97.50019836"
"'1","'LINE","'2","'96.49334717"
"'1","'LINE","'Modbus ASCII","'99.67165375"
"'1","'LINE","'RTU","'99.89257813"
"'1","'LINE","'P16.n.05","'99.05771637"
"'1","'LINE","'Protocol","'99.77300262"
"'1","'LINE","'Modbus RTU","'99.64804077"
"'1","'LINE","'Modbus RTU","'99.60857391"
"'1","'LINE","'Modbus TCP","'99.32955933"
"'1","'LINE","'Modbus ASCII","'99.56871796"
"'1","'LINE","'Modbus TCP","'99.57519531"
"'1","'LINE","'Per il modulo di espansione EXP 10 13 (Ethernet)","'98.30228424"
"'1","'LINE","'esistono altri tre parametri.","'98.90998840"
"'1","'LINE","'For expansion module and EXP 10 13 (Ethernet), there","'93.15568542"
"'1","'LINE","'are other three parameters.","'99.40579224"
"'1","'LINE","'PAR","'99.57688904"
"'1","'LINE","'Funzione","'99.76403046"
"'1","'LINE","'Range","'99.75186920"
"'1","'LINE","'Default","'99.91210938"
"'1","'LINE","'P16.n.06","'99.04874420"
"'1","'LINE","'Indirizzo IP","'98.30178070"
"'1","'LINE","'000.000.000.000","'99.25881195"
"'1","'LINE","'000.000.000.000","'97.73178864"
"'1","'LINE","'PAR","'99.72656250"
"'1","'LINE","'Function","'99.92187500"
"'1","'LINE","'Range","'99.89178467"
"'1","'LINE","'Default","'99.63309479"
"'1","'LINE","'255.255.255.255","'97.73278046"
"'1","'LINE","'P16.n.06","'98.94710541"
"'1","'LINE","'IP Address","'99.29488373"
"'1","'LINE","'000.000.000.000","'99.03759003"
"'1","'LINE","'000.000.000.000","'98.81616974"
"'1","'LINE","'P16.n.07","'99.20260620"
"'1","'LINE","'Subnet","'99.91210938"
"'1","'LINE","'000.000.000.000","'98.67805481"
"'1","'LINE","'000.000.000.000","'99.17091370"
"'1","'LINE","'255.255.255.255","'98.98218536"
"'1","'LINE","'MASK","'99.84375000"
"'1","'LINE","'255.255.255.255","'85.55026245"
"'1","'LINE","'P16.n.07","'98.92597961"
"'1","'LINE","'Subnet","'99.85351563"
"'1","'LINE","'000.000.000.000","'98.95707703"
"'1","'LINE","'000.000.000.000","'99.01467133"
"'1","'LINE","'P16.n.08","'98.97959137"
"'1","'LINE","'TCP-IP","'99.80309296"
"'1","'LINE","'0 9999","'92.23054504"
"'1","'LINE","'1001","'99.79492188"
"'1","'LINE","'MASK","'99.84375000"
"'1","'LINE","'255.255.255.255","'97.37702942"
"'1","'LINE","'Port","'99.52965546"
"'1","'LINE","'P16.n.08","'98.89748383"
"'1","'LINE","'TCP-IP","'99.76322937"
"'1","'LINE","'0 9999","'92.68405151"
"'1","'LINE","'1001","'99.73632813"
"'1","'LINE","'Port","'99.63867188"
"'1","'LINE","'Lovato","'72.27897644"
"'1","'LINE","'electric","'94.09179688"
"'1","'LINE","'Doc. 1432IGB05_20.docx","'82.97313690"
"'1","'LINE","'20/05/2020","'99.76403046"
"'1","'LINE","'P. 1 / 12","'76.99049377"
"'2","'LINE","'PROTOCOLLO MODBUS® RTU","'97.26383209"
"'2","'LINE","'MODBUS® RTU PROTOCOL","'96.23618317"
"'2","'LINE","'Quando si utilizza il protocollo Modbus® RTU, la","'96.94670105"
"'2","'LINE","'If one selects the Modbus® RTU protocol, the","'98.00619507"
"'2","'LINE","'struttura del messaggio di comunicazione è così","'98.71121979"
"'2","'LINE","'communication message has the following structure:","'99.60768127"
"'2","'LINE","'costituita:","'98.00860596"
"'2","'LINE","'T1","'96.46264648"
"'2","'LINE","'Indirizzo","'99.28571320"
"'2","'LINE","'Funzione","'99.72337341"
"'2","'LINE","'Dati","'99.71440125"
"'2","'LINE","'CRC","'99.88281250"
"'2","'LINE","'T1","'96.07800293"
"'2","'LINE","'T1","'96.47978973"
"'2","'LINE","'Address","'99.89178467"
"'2","'LINE","'Function","'99.88201141"
"'2","'LINE","'Data","'99.67693329"
"'2","'LINE","'CRC","'99.89257813"
"'2","'LINE","'T1","'95.79341125"
"'2","'LINE","'T2","'97.22416687"
"'2","'LINE","'(8 bit)","'44.40118790"
"'2","'LINE","'(8 bit)","'90.19436646"
"'2","'LINE","'(N X 8 bit)","'87.69528961"
"'2","'LINE","'(16 bit)","'89.03001404"
"'2","'LINE","'T2","'98.29221344"
"'2","'LINE","'T2","'97.19567108"
"'2","'LINE","'bit)","'90.16282654"
"'2","'LINE","'(8 bit)","'91.23934174"
"'2","'LINE","'(N X 8 bit)","'91.02048492"
"'2","'LINE","'(16 bit)","'89.27659607"
"'2","'LINE","'T2","'99.28392029"
"'2","'LINE","'T3","'92.47030640"
"'2","'LINE","'T3","'79.44435120"
"'2","'LINE","'T3","'74.69945526"
"'2","'LINE","'T3","'85.00856781"
"'2","'LINE","'II campo Indirizzo contiene l'indirizzo dello strumento","'91.31824493"
"'2","'LINE","'The Address field holds the serial address of the slave","'99.72143555"
"'2","'LINE","'slave cui il messaggio viene inviato.","'98.47370148"
"'2","'LINE","'destination device.","'99.57080841"
"'2","'LINE","'Il campo Funzione contiene il codice della funzione che","'94.28971863"
"'2","'LINE","'The Function field holds the code of the function that","'99.67147827"
"'2","'LINE","'deve essere eseguita dallo slave.","'99.44898224"
"'2","'LINE","'must be executed by the slave.","'99.72454071"
"'2","'LINE","'II campo Dati contiene i dati inviati allo slave o quelli","'89.10510254"
"'2","'LINE","'The Data field contains data sent to the slave or data","'99.51759338"
"'2","'LINE","'inviati dallo slave come risposta ad una domanda.","'99.18212891"
"'2","'LINE","'received from the slave in response to a query.","'98.91876221"
"'2","'LINE","'Per la serie DCRG8, la lunghezza massima consentita","'98.88833618"
"'2","'LINE","'For the DCRG8 series, the maximum length for the","'99.67144775"
"'2","'LINE","'per il campo dati e' di","'94.98886871"
"'2","'LINE","'data field is:","'99.01453400"
"'2","'LINE","'80 registri da 16 bit (160 bytes)","'97.33324432"
"'2","'LINE","'80 16-bit registers (160 bytes)","'96.15844727"
"'2","'LINE","'Il campo CRC consente sia al master che allo slave di","'95.00202942"
"'2","'LINE","'The CRC field allows the master and slave devices to","'99.59865570"
"'2","'LINE","'verificare se ci sono errori di trasmissione.","'98.65966034"
"'2","'LINE","'check the message integrity. If a message has been","'98.62277985"
"'2","'LINE","'Questo consente, in caso di disturbo sulla linea di","'99.01150513"
"'2","'LINE","'corrupted by electrical noise or interference, the CRC","'99.44582367"
"'2","'LINE","'trasmissione, di ignorare il messaggio inviato per evitare","'98.13157654"
"'2","'LINE","'field allows the devices to recognize the error and","'99.60015869"
"'2","'LINE","'problemi sia dal lato master che slave.","'99.41366577"
"'2","'LINE","'thereby to ignore the message.","'99.63576508"
"'2","'LINE","'The T1 T2 T3 sequence corresponds to a time in","'95.91246796"
"'2","'LINE","'La sequenza T1 T3 corrisponde al tempo durante il","'94.71623230"
"'2","'LINE","'which data must not be exchanged on the","'99.58792114"
"'2","'LINE","'quale non devono essere scambiati dati sul bus di","'99.10858154"
"'2","'LINE","'communication bus to allow the connected devices to","'99.65129852"
"'2","'LINE","'comunicazione, per consentire agli strumenti collegati di","'98.85164642"
"'2","'LINE","'recognize the end of one message and the beginning of","'99.50944519"
"'2","'LINE","'riconoscere la fine di un messaggio e l'inizio del","'98.20361328"
"'2","'LINE","'another. This time must be at least 3.5 times the time","'99.65644836"
"'2","'LINE","'successivo. Questo tempo deve essere pari a 3.5","'97.31465149"
"'2","'LINE","'required to send one character.","'99.19590759"
"'2","'LINE","'caratteri.","'99.33454132"
"'2","'LINE","'The DCRG8 measures the time that elapses from the","'99.70380402"
"'2","'LINE","'Il DCRG8 misura il tempo trascorso tra la ricezione di un","'94.77275848"
"'2","'LINE","'reception of one character and the following. If this time","'99.13291168"
"'2","'LINE","'carattere e il successivo e se questo tempo supera quello","'97.99593353"
"'2","'LINE","'exceeds the time necessary to send 3.5 characters at","'99.55259705"
"'2","'LINE","'necessario per trasmettere 3.5 caratteri, riferiti al baud","'99.22069550"
"'2","'LINE","'the selected baudrate, then the next character will be","'99.73030853"
"'2","'LINE","'rate impostato, il prossimo carattere viene considerato","'98.62959290"
"'2","'LINE","'considered as the first of a new message.","'98.71821594"
"'2","'LINE","'l'inizio di un nuovo messaggio.","'98.12001801"
"'2","'LINE","'MODBUS® FUNCTIONS","'94.96850586"
"'2","'LINE","'FUNZIONI MODBUS®","'95.93251801"
"'2","'LINE","'The available functions are:","'99.50379944"
"'2","'LINE","'Le funzioni disponibili sono:","'98.77994537"
"'2","'LINE","'03 = Read input","'95.87648773"
"'2","'LINE","'Allows to read the DCRG8","'99.45021057"
"'2","'LINE","'03 Read input","'98.29593658"
"'2","'LINE","'Consente la lettura delle","'99.13056183"
"'2","'LINE","'register","'99.88201141"
"'2","'LINE","'measures.","'92.67378998"
"'2","'LINE","'register","'99.85192108"
"'2","'LINE","'misure disponibili nel DCRG8","'99.21342468"
"'2","'LINE","'04 = Read input","'95.31272888"
"'2","'LINE","'Allows to read the DCRG8","'99.56217957"
"'2","'LINE","'Consente la lettura delle","'99.27355957"
"'2","'LINE","'04 = Read input","'96.84106445"
"'2","'LINE","'register","'99.85271454"
"'2","'LINE","'measures.","'98.68363190"
"'2","'LINE","'misure disponibili nel","'99.17224884"
"'2","'LINE","'register","'99.89178467"
"'2","'LINE","'DCRG8.","'99.19543457"
"'2","'LINE","'06 = Preset single","'95.43376923"
"'2","'LINE","'Allows writing parameters","'99.59070587"
"'2","'LINE","'06 = Preset single","'95.36663055"
"'2","'LINE","'Permette la scrittura dei","'99.20156097"
"'2","'LINE","'register","'99.91131592"
"'2","'LINE","'register","'99.85192108"
"'2","'LINE","'parametri","'99.03440094"
"'2","'LINE","'Allows to read the device","'99.53810883"
"'2","'LINE","'07 = Read exception","'96.01096344"
"'2","'LINE","'Permette di leggere lo stato","'98.83689117"
"'2","'LINE","'status","'99.85271454"
"'2","'LINE","'07 = Read exception","'95.05861664"
"'2","'LINE","'dell'apparecchio","'90.85558319"
"'2","'LINE","'10 = Preset multiple","'96.02785492"
"'2","'LINE","'Allows writing several","'99.71952057"
"'2","'LINE","'10 Preset multiple","'98.51808167"
"'2","'LINE","'Permette la scrittura di più","'99.06552887"
"'2","'LINE","'register","'99.88201141"
"'2","'LINE","'parameters","'99.80149841"
"'2","'LINE","'register","'99.85192108"
"'2","'LINE","'parametri","'99.49317932"
"'2","'LINE","'Allows to read information","'99.60877991"
"'2","'LINE","'Permette di leggere","'98.84825134"
"'2","'LINE","'17 = Report slave ID","'96.62583160"
"'2","'LINE","'about the device.","'99.73174286"
"'2","'LINE","'17 = Report slave ID","'96.80193329"
"'2","'LINE","'informazioni relative all'","'96.55558777"
"'2","'LINE","'apparecchio","'96.89333344"
"'2","'LINE","'For instance, to read the value of total COS phi which","'96.17053223"
"'2","'LINE","'Per esempio, se si vuole leggere dal DCRG8 con","'99.12346649"
"'2","'LINE","'resides at location 0 (0 Hex) from the DCRG8 with serial","'97.43389130"
"'2","'LINE","'indirizzo 01 il valore del COS phi totale che si trova alla","'96.42485046"
"'2","'LINE","'address 01, the message to send is the following:","'99.45505524"
"'2","'LINE","'locazione 0 (0 Hex), il messaggio da spedire è il","'95.85455322"
"'2","'LINE","'seguente:","'99.77220154"
"'2","'LINE","'01","'97.03125000"
"'2","'LINE","'04","'98.94531250"
"'2","'LINE","'FF","'96.72851563"
"'2","'LINE","'FF","'97.23632813"
"'2","'LINE","'00","'96.54077911"
"'2","'LINE","'02","'97.00195313"
"'2","'LINE","'71","'97.84179688"
"'2","'LINE","'EF","'96.80265045"
"'2","'LINE","'01","'96.57147217"
"'2","'LINE","'04","'98.60351563"
"'2","'LINE","'FF","'96.74724579"
"'2","'LINE","'FF","'97.74334717"
"'2","'LINE","'00","'97.50338745"
"'2","'LINE","'02","'98.87695313"
"'2","'LINE","'71","'97.08007813"
"'2","'LINE","'EF","'97.95658875"
"'2","'LINE","'Whereas:","'99.79412842"
"'2","'LINE","'01= slave address","'96.48629761"
"'2","'LINE","'Dove:","'99.68431091"
"'2","'LINE","'04 Modbus® function 'Read input register'","'96.11517334"
"'2","'LINE","'01= indirizzo slave","'96.24196625"
"'2","'LINE","'FF FF = Address of the required register (total COS phi)","'95.46170807"
"'2","'LINE","'04 funzione di lettura locazione","'98.67083740"
"'2","'LINE","'decreased by one","'99.17291260"
"'2","'LINE","'FF FF = indirizzo della locazione diminuito di un'unità,","'95.15467834"
"'2","'LINE","'00 02 = Number of registers to be read beginning from","'96.77043152"
"'2","'LINE","'contenete il valore delcos phi totale.","'98.66841888"
"'2","'LINE","'address 0","'91.69353485"
"'2","'LINE","'00 02 = numero di registri da leggere a partire","'94.82148743"
"'2","'LINE","'71 EF CRC Checksum","'96.71227264"
"'2","'LINE","'dall'indirizzo 0","'85.93231964"
"'2","'LINE","'71 EF = checksum CRC","'94.93443298"
"'2","'LINE","'Lovato","'74.83079529"
"'2","'LINE","'electric","'91.15234375"
"'2","'LINE","'Doc. I432IGB05_20.docx","'83.79115295"
"'2","'LINE","'20/05/2020","'99.80388641"
"'2","'LINE","'P. 2/12","'81.39847565"
"'3","'LINE","'La risposta del DCRG8 è la seguente:","'98.80696869"
"'3","'LINE","'The DCRG8 answer is the following:","'99.23083496"
"'3","'LINE","'01","'90.48748779"
"'3","'LINE","'04","'91.79687500"
"'3","'LINE","'04","'91.26953125"
"'3","'LINE","'00","'90.03766632"
"'3","'LINE","'00","'90.53092957"
"'3","'LINE","'03","'93.30655670"
"'3","'LINE","'B4","'94.62591553"
"'3","'LINE","'FB","'90.54687500"
"'3","'LINE","'03","'91.56987762"
"'3","'LINE","'01","'90.06755829"
"'3","'LINE","'04","'93.42773438"
"'3","'LINE","'04","'90.25151825"
"'3","'LINE","'00","'90.03049469"
"'3","'LINE","'00","'90.92235565"
"'3","'LINE","'03","'90.59490204"
"'3","'LINE","'B4","'95.69594574"
"'3","'LINE","'FB","'92.62695313"
"'3","'LINE","'03","'93.17303467"
"'3","'LINE","'Dove:","'99.83318329"
"'3","'LINE","'Where:","'99.75347137"
"'3","'LINE","'01= indirizzo del DCRG8 (Slave 01)","'97.01004028"
"'3","'LINE","'01 = DCRG8 address (Slave 01)","'96.64838409"
"'3","'LINE","'04 = funzione richiesta dal Master","'97.17971039"
"'3","'LINE","'04 = Function requested by the master","'97.73287964"
"'3","'LINE","'04 = numero di byte inviati dal DCRG8","'97.49801636"
"'3","'LINE","'04 = Number of bytes sent by the DCRG8","'97.99588776"
"'3","'LINE","'00 00 03 B4 = valore esadecimale COS phi totale","'88.99552155"
"'3","'LINE","'00 00 03 B4 = Hex value of total COS phi","'91.51016235"
"'3","'LINE","'948 0.948","'91.54052734"
"'3","'LINE","'=948=0.948","'86.27351379"
"'3","'LINE","'FB 03 = checksum CRC","'93.46781158"
"'3","'LINE","'FB 03 = CRC checksum","'93.43801880"
"'3","'LINE","'FUNZIONE 04: READ INPUT REGISTER","'99.55194092"
"'3","'LINE","'FUNCTION 04: READ INPUT REGISTER","'99.58350372"
"'3","'LINE","'La funzione 04 permette di leggere una o più grandezze","'94.84352875"
"'3","'LINE","'The Modbus® function 04 allows to read one or more","'98.75080109"
"'3","'LINE","'consecutive in memoria. L'indirizzo di ciascuna","'98.82051849"
"'3","'LINE","'consecutive registers from the slave memory.","'99.75276947"
"'3","'LINE","'grandezza e' indicato nelle Tabelle 2-4 riportate nelle","'98.66599274"
"'3","'LINE","'The address of each measure is given in the tables 2-","'99.41104889"
"'3","'LINE","'ultime pagine del presente manuale.","'99.52598572"
"'3","'LINE","'4 on the final pages of this manual.","'99.24208832"
"'3","'LINE","'Come da standard Modbus®, l'indirizzo specificato nel","'95.09842682"
"'3","'LINE","'As for Modbus® standard, the address in the query","'98.79588318"
"'3","'LINE","'messaggio va diminuito di 1 rispetto a quello effettivo","'97.60361481"
"'3","'LINE","'message must be decreased by one from the effective","'99.73019409"
"'3","'LINE","'riportato nella tabella.","'99.38629150"
"'3","'LINE","'address reported in the table.","'99.61606598"
"'3","'LINE","'Se l'indirizzo richiesto non è compreso nella tabella o il","'95.00195313"
"'3","'LINE","'If the measure address is not included in the table or","'99.34224701"
"'3","'LINE","'numero di registri richiesti è maggiore del numero","'98.78796387"
"'3","'LINE","'the number of requested registers exceeds the","'99.77169037"
"'3","'LINE","'consentito il DCRG8 ritorna un messaggio di errore (vedi","'98.78871155"
"'3","'LINE","'acceptable max number, the DCRG8 will return an error","'99.52380371"
"'3","'LINE","'tabella errori).","'99.15537262"
"'3","'LINE","'code (see error table).","'99.40026093"
"'3","'LINE","'Richiesta Master:","'99.66477966"
"'3","'LINE","'Master query:","'99.67693329"
"'3","'LINE","'Indirizzo slave","'99.44186401"
"'3","'LINE","'08h","'99.59721375"
"'3","'LINE","'Slave address","'99.80429077"
"'3","'LINE","'08h","'99.67613983"
"'3","'LINE","'Funzione","'99.77220154"
"'3","'LINE","'04h","'99.57848358"
"'3","'LINE","'Function","'99.95117188"
"'3","'LINE","'04h","'99.75505829"
"'3","'LINE","'MSB Indirizzo registro","'99.50261688"
"'3","'LINE","'00h","'99.33036041"
"'3","'LINE","'MSB address","'99.72167969"
"'3","'LINE","'00h","'99.60538483"
"'3","'LINE","'LSB Indirizzo registro","'99.37566376"
"'3","'LINE","'0Fh","'84.81903839"
"'3","'LINE","'LSB address","'99.69686890"
"'3","'LINE","'0Fh","'89.75027466"
"'3","'LINE","'MSB Numero registri","'99.66909790"
"'3","'LINE","'00h","'99.26039886"
"'3","'LINE","'MSB register number","'99.67262268"
"'3","'LINE","'00h","'99.43778229"
"'3","'LINE","'LSB Numero registri","'99.58067322"
"'3","'LINE","'08h","'99.71600342"
"'3","'LINE","'LSB register number","'99.72417450"
"'3","'LINE","'08h","'99.67693329"
"'3","'LINE","'LSB CRC","'98.73007202"
"'3","'LINE","'C1h","'99.28153229"
"'3","'LINE","'LSB CRC","'98.57382202"
"'3","'LINE","'C1h","'99.21475983"
"'3","'LINE","'MSB CRC","'98.45663452"
"'3","'LINE","'56h","'99.65820313"
"'3","'LINE","'MSB CRC","'98.85253906"
"'3","'LINE","'56h","'99.73632813"
"'3","'LINE","'Nell'esempio vengono richiesti, allo slave numero 8, 8","'98.38012695"
"'3","'LINE","'In the above example, slave 08 is requested for 8","'99.21147919"
"'3","'LINE","'registri consecutivi a partire dall'indirizzo 10h.","'98.30841827"
"'3","'LINE","'consecutive registers beginning with address 10h.","'99.77269745"
"'3","'LINE","'Quindi vengono letti i registri dall' 10h al 17h.","'97.46179962"
"'3","'LINE","'Thus, registers from 10h to 17h will be returned. As","'99.51931000"
"'3","'LINE","'Il comando termina sempre con il valore di checksum","'94.45377350"
"'3","'LINE","'usual, the message ends with the CRC checksum.","'99.80236816"
"'3","'LINE","'CRC.","'99.81205750"
"'3","'LINE","'Risposta Slave:","'99.69606781"
"'3","'LINE","'Slave response:","'99.75546265"
"'3","'LINE","'Indirizzo slave","'99.46787262"
"'3","'LINE","'08h","'99.53942108"
"'3","'LINE","'Slave address","'99.82421875"
"'3","'LINE","'08h","'99.48979950"
"'3","'LINE","'Funzione","'99.80229950"
"'3","'LINE","'04h","'99.73473358"
"'3","'LINE","'Function","'99.92187500"
"'3","'LINE","'04h","'99.37838745"
"'3","'LINE","'Numero di byte","'99.05764771"
"'3","'LINE","'10h","'99.71679688"
"'3","'LINE","'Byte number","'99.64604187"
"'3","'LINE","'10h","'99.45731354"
"'3","'LINE","'MSB Dato 10h","'99.13577271"
"'3","'LINE","'00h","'98.78128815"
"'3","'LINE","'MSB register 10h","'99.42004395"
"'3","'LINE","'00h","'99.41904449"
"'3","'LINE","'LSB Dato 10h","'99.15311432"
"'3","'LINE","'00h","'99.14002228"
"'3","'LINE","'LSB register 10h","'99.30830383"
"'3","'LINE","'00h","'99.47763824"
"'3","'LINE","'MSB Dato 17h","'99.64438629"
"'3","'LINE","'00h","'99.32138824"
"'3","'LINE","'MSB register 17h","'99.44255829"
"'3","'LINE","'00h","'99.61674500"
"'3","'LINE","'LSB Dato 17h","'99.47863770"
"'3","'LINE","'00h","'99.39951324"
"'3","'LINE","'LSB register 17h","'99.26983643"
"'3","'LINE","'00h","'99.59562683"
"'3","'LINE","'LSB CRC","'99.25781250"
"'3","'LINE","'5Eh","'99.56791687"
"'3","'LINE","'LSB CRC","'99.00271606"
"'3","'LINE","'5Eh","'99.51908875"
"'3","'LINE","'MSB CRC","'99.46617889"
"'3","'LINE","'83h","'99.59881592"
"'3","'LINE","'MSB CRC","'99.44176483"
"'3","'LINE","'83h","'99.46129608"
"'3","'LINE","'La risposta è composta sempre dall'indirizzo dello slave,","'98.67890167"
"'3","'LINE","'The response is always composed of the slave address,","'99.73046112"
"'3","'LINE","'dalla funzione richiesta dal Master e dai dati dei registri","'99.06024933"
"'3","'LINE","'the function code requested by the master and the","'99.82512665"
"'3","'LINE","'richiesti. La risposta termina sempre con il valore di","'98.67369080"
"'3","'LINE","'contents of the requested registers. The answer ends","'99.74153900"
"'3","'LINE","'checksum CRC.","'99.54519653"
"'3","'LINE","'with the CRC.","'99.72901917"
"'3","'LINE","'Lovato","'75.65349579"
"'3","'LINE","'electric","'92.89062500"
"'3","'LINE","'Doc. 1432IGB05_20.docx","'81.72333527"
"'3","'LINE","'20/05/2020","'99.81285858"
"'3","'LINE","'P. 3/12","'69.57549286"
"'4","'LINE","'FUNZIONE 06: PRESET SINGLE REGISTER","'99.68833923"
"'4","'LINE","'FUNCTION 06: PRESET SINGLE REGISTER","'99.68443298"
"'4","'LINE","'Questa funzione permette di scrivere nei registri. Essa","'99.46440887"
"'4","'LINE","'This function allows to write in the registers.","'99.56891632"
"'4","'LINE","'puo' essere utilizzata solo con i registri di indirizzo","'97.74617767"
"'4","'LINE","'It can be used only with registers with address higher","'99.31640625"
"'4","'LINE","'superiore a 1000 Hex. E' possibile ad esempio impostare","'97.15811920"
"'4","'LINE","'than 1000 Hex. For instance, it is possible to change","'99.00219727"
"'4","'LINE","'i parametri del setup. Qualora il valore impostato non","'96.93675232"
"'4","'LINE","'setup parameters. If the value is not in the correct","'99.35965729"
"'4","'LINE","'rientri nel valore minimo e massimo della tabella il","'98.63615417"
"'4","'LINE","'range, the DCRG8 will answer with an error message.","'99.59837341"
"'4","'LINE","'DCRG8 risponderà con un messaggio di errore. Se viene","'99.22282410"
"'4","'LINE","'In the same way, if the parameter address is not","'99.30985260"
"'4","'LINE","'richiesto un parametro ad un indirizzo inesistente verrà","'99.16152191"
"'4","'LINE","'recognised, the DMG will send an error response.","'99.54460144"
"'4","'LINE","'risposto con un messaggio di errore. L'indirizzo ed il","'98.34668732"
"'4","'LINE","'The address and the valid range for each parameter are","'99.70924377"
"'4","'LINE","'range valido per i vari parametri può essere trovato nelle","'97.65824890"
"'4","'LINE","'indicated in Tables 5, 6 and 7.","'98.56773376"
"'4","'LINE","'Tabelle 5, 6 e 7.","'97.27738190"
"'4","'LINE","'Richiesta Master:","'99.47155762"
"'4","'LINE","'Master message:","'99.70583344"
"'4","'LINE","'Indirizzo slave","'99.46298981"
"'4","'LINE","'08h","'99.63707733"
"'4","'LINE","'Indirizzo slave","'99.42761993"
"'4","'LINE","'08h","'99.63628387"
"'4","'LINE","'Funzione","'99.80229950"
"'4","'LINE","'06h","'99.68590546"
"'4","'LINE","'Funzione","'99.77220154"
"'4","'LINE","'06h","'99.68590546"
"'4","'LINE","'MSB Indirizzo registro","'99.46408844"
"'4","'LINE","'2Fh","'99.61834717"
"'4","'LINE","'MSB Indirizzo registro","'99.46382141"
"'4","'LINE","'2Fh","'99.68669891"
"'4","'LINE","'LSB Indirizzo registro","'99.45757294"
"'4","'LINE","'0Fh","'90.95742798"
"'4","'LINE","'LSB Indirizzo registro","'99.55224609"
"'4","'LINE","'0Fh","'83.37272644"
"'4","'LINE","'MSB Dato","'99.16832733"
"'4","'LINE","'00h","'99.47604370"
"'4","'LINE","'MSB Dato","'99.27086639"
"'4","'LINE","'00h","'99.44595337"
"'4","'LINE","'LSB Dato","'98.93923187"
"'4","'LINE","'0Ah","'95.03208923"
"'4","'LINE","'LSB Dato","'99.05154419"
"'4","'LINE","'0Ah","'97.53268433"
"'4","'LINE","'LSB CRC","'98.55429077"
"'4","'LINE","'31h","'99.73632813"
"'4","'LINE","'LSB CRC","'99.04296875"
"'4","'LINE","'31h","'99.64843750"
"'4","'LINE","'MSB CRC","'98.61288452"
"'4","'LINE","'83h","'99.53862762"
"'4","'LINE","'MSB CRC","'98.87655640"
"'4","'LINE","'83h","'99.72656250"
"'4","'LINE","'Risposta Slave:","'99.62004089"
"'4","'LINE","'Slave response:","'99.74369812"
"'4","'LINE","'La risposta è un eco della domanda, cioè viene inviato al","'98.91567230"
"'4","'LINE","'The slave response is an echo to the query, that is the","'99.50598907"
"'4","'LINE","'master l'indirizzo del dato da modificare e il nuovo valore","'98.44323730"
"'4","'LINE","'slave sends back to the master the address and the new","'99.76459503"
"'4","'LINE","'del parametro.","'98.93993378"
"'4","'LINE","'value of the variable.","'99.62162781"
"'4","'LINE","'FUNZIONE 07: READ EXCEPTION STATUS","'99.61069489"
"'4","'LINE","'FUNCTION 07: READ EXCEPTION STATUS","'99.53256226"
"'4","'LINE","'Tale funzione permette di leggere lo stato in cui si trova il","'98.86389923"
"'4","'LINE","'This function allows to read the status of the automatic","'99.68614197"
"'4","'LINE","'commutatore di linea.","'99.13291931"
"'4","'LINE","'transfer switch.","'99.40160370"
"'4","'LINE","'Richiesta Master:","'99.60538483"
"'4","'LINE","'Master query:","'99.58296967"
"'4","'LINE","'Indirizzo slave","'99.33892822"
"'4","'LINE","'08h","'99.44914246"
"'4","'LINE","'Slave address","'99.80917358"
"'4","'LINE","'08h","'99.71520233"
"'4","'LINE","'Funzione","'99.61276245"
"'4","'LINE","'07h","'99.65501404"
"'4","'LINE","'Function","'99.91131592"
"'4","'LINE","'07h","'99.75347137"
"'4","'LINE","'LSB CRC","'98.78866577"
"'4","'LINE","'47h","'99.84375000"
"'4","'LINE","'LSB CRC","'98.92219543"
"'4","'LINE","'47h","'99.88281250"
"'4","'LINE","'MSB CRC","'98.77770233"
"'4","'LINE","'B2h","'99.31979370"
"'4","'LINE","'MSB CRC","'99.05233765"
"'4","'LINE","'B2h","'99.40848541"
"'4","'LINE","'La tabella seguente riporta il significato del byte inviato","'98.98351288"
"'4","'LINE","'The following table gives the meaning of the status byte","'99.79241180"
"'4","'LINE","'dal DCRG8 come risposta:","'99.37614441"
"'4","'LINE","'sent by the DCRG8 as answer:","'99.55310822"
"'4","'LINE","'BIT","'99.33773041"
"'4","'LINE","'SIGNIFICATO","'99.71520233"
"'4","'LINE","'BIT","'99.23847961"
"'4","'LINE","'MEANING","'99.88281250"
"'4","'LINE","'0","'89.63090515"
"'4","'LINE","'0","'92.74494171"
"'4","'LINE","'1","'93.01598358"
"'4","'LINE","'Modo operativo MAN","'99.49039459"
"'4","'LINE","'1","'94.01128387"
"'4","'LINE","'Operative mode MAN","'99.75805664"
"'4","'LINE","'2","'98.62225342"
"'4","'LINE","'Modo operativo AUT","'99.46760559"
"'4","'LINE","'2","'98.48632813"
"'4","'LINE","'Operative mode AUT","'99.69972229"
"'4","'LINE","'3","'98.26510620"
"'4","'LINE","'TEST utente","'99.66557312"
"'4","'LINE","'3","'98.26430511"
"'4","'LINE","'User TEST","'99.75097656"
"'4","'LINE","'4","'98.13397217"
"'4","'LINE","'In errore","'98.67884827"
"'4","'LINE","'4","'97.80034637"
"'4","'LINE","'Error on","'98.92009735"
"'4","'LINE","'FUNZIONE 17: REPORT SLAVE ID","'99.37192535"
"'4","'LINE","'FUNZIONE 17: REPORT SLAVE ID","'99.43490601"
"'4","'LINE","'Questa funzione permette di identificare il tipo di","'99.10021973"
"'4","'LINE","'This function allows to identify the device type.","'99.71955872"
"'4","'LINE","'strumento.","'99.24426270"
"'4","'LINE","'Richiesta Master.","'99.52038574"
"'4","'LINE","'Master query.","'99.64764404"
"'4","'LINE","'Indirizzo slave","'99.36214447"
"'4","'LINE","'08h","'99.60538483"
"'4","'LINE","'Slave address","'99.86288452"
"'4","'LINE","'08h","'99.64764404"
"'4","'LINE","'Funzione","'99.80229950"
"'4","'LINE","'11h","'99.69726563"
"'4","'LINE","'Function","'99.93164063"
"'4","'LINE","'11h","'99.73632813"
"'4","'LINE","'LSB CRC","'99.06738281"
"'4","'LINE","'C6h","'99.37599945"
"'4","'LINE","'LSB CRC","'99.25741577"
"'4","'LINE","'C6h","'99.41665649"
"'4","'LINE","'MSB CRC","'98.59375000"
"'4","'LINE","'7Ch","'99.59562683"
"'4","'LINE","'MSB CRC","'98.97750092"
"'4","'LINE","'7Ch","'99.55576324"
"'4","'LINE","'Lovato","'50.80676270"
"'4","'LINE","'electric","'92.09960938"
"'4","'LINE","'Doc. 1432IGB05_20.docx","'82.07200623"
"'4","'LINE","'20/05/2020","'99.87304688"
"'4","'LINE","'P. 12","'90.91712189"
"'5","'LINE","'Risposta Slave:","'99.76363373"
"'5","'LINE","'Slave response:","'99.88281250"
"'5","'LINE","'Indirizzo slave","'99.43658447"
"'5","'LINE","'08h","'99.75505829"
"'5","'LINE","'Slave address","'99.86248779"
"'5","'LINE","'08h","'99.77458954"
"'5","'LINE","'Funzione","'99.79173279"
"'5","'LINE","'11h","'99.47923279"
"'5","'LINE","'Function","'99.97070313"
"'5","'LINE","'11h","'99.51829529"
"'5","'LINE","'Contatore bytes","'99.60538483"
"'5","'LINE","'04 h","'90.57048798"
"'5","'LINE","'Byte count","'99.70095062"
"'5","'LINE","'04h","'65.34279633"
"'5","'LINE","'Dato 1 (Tipo)","'98.31871796"
"'5","'LINE","'82h","'99.87304688"
"'5","'LINE","'Data 01 Type","'98.11696625"
"'5","'LINE","'82h","'99.71520233"
"'5","'LINE","'Dato 2 (Revisione software)","'99.05931091"
"'5","'LINE","'04h","'99.81365967"
"'5","'LINE","'Data 02 (Sw revision)","'98.55388641"
"'5","'LINE","'04h","'99.83318329"
"'5","'LINE","'Dato 3 (Revisione hardware)","'98.64113617"
"'5","'LINE","'00h","'99.57450104"
"'5","'LINE","'Data 03 (Hardware revision)","'98.96858215"
"'5","'LINE","'00h","'99.61435699"
"'5","'LINE","'Dato 4 (Revisione parametri)","'98.99563599"
"'5","'LINE","'01h","'99.64684296"
"'5","'LINE","'Data 04 (Parameter revision)","'98.74745941"
"'5","'LINE","'01h","'99.49716949"
"'5","'LINE","'LSB CRC","'98.64746094"
"'5","'LINE","'...h","'95.76351166"
"'5","'LINE","'LSB CRC","'99.04257202"
"'5","'LINE","'...h","'94.13644409"
"'5","'LINE","'MSB CRC","'98.86230469"
"'5","'LINE","'...h","'94.44674683"
"'5","'LINE","'MSB CRC","'98.97421265"
"'5","'LINE","'...h","'95.20866394"
"'5","'LINE","'48h DCRG8","'99.04257202"
"'5","'LINE","'48h DCRG8","'98.96972656"
"'5","'LINE","'ERRORI","'99.83238983"
"'5","'LINE","'ERRORS","'99.95117188"
"'5","'LINE","'Nel caso lo slave riceva un messaggio errato, segnala la","'99.46552277"
"'5","'LINE","'In case the slave receives an incorrect message, it","'99.62642670"
"'5","'LINE","'condizione al master rispondendo con un messaggio","'99.26131439"
"'5","'LINE","'answers with a massage composed by the queried","'99.49037170"
"'5","'LINE","'composto dalla funzione richiesta in OR con 80 Hex,","'98.19661713"
"'5","'LINE","'function ORed with 80 Hex, followed by an error code","'99.00006104"
"'5","'LINE","'seguita da un codice di errore.","'99.32258606"
"'5","'LINE","'byte.","'99.93083954"
"'5","'LINE","'Nella seguente tabella vengono riportati i codici di errore","'98.41985321"
"'5","'LINE","'In the following table are reported the error codes sent","'99.64574432"
"'5","'LINE","'inviati dallo slave al master:","'99.60063934"
"'5","'LINE","'by the slave to the master:","'99.89543915"
"'5","'LINE","'TABELLA 1: CODICI ERRORE","'98.51014709"
"'5","'LINE","'TABLE 1: ERROR CODES","'98.95184326"
"'5","'LINE","'COD","'99.64764404"
"'5","'LINE","'ERRORE","'99.89257813"
"'5","'LINE","'CODE","'99.91210938"
"'5","'LINE","'ERROR","'99.95117188"
"'5","'LINE","'01","'99.34410858"
"'5","'LINE","'Funzione non valida","'99.53536987"
"'5","'LINE","'01","'99.81445313"
"'5","'LINE","'Invalid function","'99.78924561"
"'5","'LINE","'02","'99.67773438"
"'5","'LINE","'Indirizzo registro illegale","'99.57151031"
"'5","'LINE","'02","'99.80468750"
"'5","'LINE","'Invalid address","'99.82870483"
"'5","'LINE","'03","'99.51988983"
"'5","'LINE","'Valore del parametro fuori range","'99.61240387"
"'5","'LINE","'03","'99.92187500"
"'5","'LINE","'Parameter out of range","'99.76258087"
"'5","'LINE","'04","'99.30584717"
"'5","'LINE","'Impossibile effettuare operazione","'99.51298523"
"'5","'LINE","'04","'99.84375000"
"'5","'LINE","'Function execution impossible","'99.86846161"
"'5","'LINE","'06","'99.64604187"
"'5","'LINE","'Slave occupato, funzione","'99.69274902"
"'5","'LINE","'06","'99.71360779"
"'5","'LINE","'Slave busy, function momentarily not","'99.96093750"
"'5","'LINE","'momentaneamente non disponibile","'99.20214081"
"'5","'LINE","'available","'99.85112762"
"'5","'LINE","'FUNZIONE 16: PRESET MULTIPLE REGISTER","'99.56170654"
"'5","'LINE","'FUNZIONE 16: PRESET MULTIPLE REGISTER","'99.43945313"
"'5","'LINE","'Questa funzione permette di modificare più parametri","'99.41235352"
"'5","'LINE","'This function allows to modify multiple parameters","'99.83598328"
"'5","'LINE","'consecutivamente o parametri composti da più di 2","'95.08444977"
"'5","'LINE","'with a single message, or to preset a value longer than","'99.52751923"
"'5","'LINE","'byte. L'indirizzo ed il range valido per vari parametri","'98.81406403"
"'5","'LINE","'one register. The address and the valid range for each","'99.84630585"
"'5","'LINE","'possono essere trovati nella Tabella 8.","'99.55789185"
"'5","'LINE","'parameter are stated in Table 8.","'99.52367401"
"'5","'LINE","'Richiesta Master:","'99.75835419"
"'5","'LINE","'Master message:","'99.91699219"
"'5","'LINE","'Indirizzo slave","'99.60010529"
"'5","'LINE","'08h","'99.71600342"
"'5","'LINE","'Slave address","'99.95605469"
"'5","'LINE","'08h","'99.79332733"
"'5","'LINE","'Funzione","'99.81205750"
"'5","'LINE","'10h","'99.69726563"
"'5","'LINE","'Function","'99.96093750"
"'5","'LINE","'10h","'97.46273041"
"'5","'LINE","'MSB Indirizzo registro","'99.62684631"
"'5","'LINE","'20h","'99.81445313"
"'5","'LINE","'MSB register address","'99.85597229"
"'5","'LINE","'20h","'99.72417450"
"'5","'LINE","'LSB Indirizzo registro","'99.56772614"
"'5","'LINE","'01h","'99.76403046"
"'5","'LINE","'LSB register address","'99.83670807"
"'5","'LINE","'01h","'99.80388641"
"'5","'LINE","'MSB Numero registri","'99.76947784"
"'5","'LINE","'00h","'99.60459137"
"'5","'LINE","'MSB register number","'99.79605103"
"'5","'LINE","'00h","'99.67375183"
"'5","'LINE","'LSB Numero registri","'99.74722290"
"'5","'LINE","'02h","'99.81365967"
"'5","'LINE","'LSB register number","'99.87603760"
"'5","'LINE","'02h","'99.84215546"
"'5","'LINE","'MSB Dato","'99.41775513"
"'5","'LINE","'00h","'99.63388824"
"'5","'LINE","'MSB data","'99.51052094"
"'5","'LINE","'00h","'99.64445496"
"'5","'LINE","'LSB Dato","'99.13942719"
"'5","'LINE","'00h","'99.60459137"
"'5","'LINE","'LSB data","'99.44176483"
"'5","'LINE","'00h","'99.49557495"
"'5","'LINE","'MSB Dato","'99.31520844"
"'5","'LINE","'00h","'99.60459137"
"'5","'LINE","'MSB data","'99.53493500"
"'5","'LINE","'00h","'99.61515808"
"'5","'LINE","'LSB Dato","'99.26110077"
"'5","'LINE","'00h","'99.69328308"
"'5","'LINE","'LSB data","'99.48571014"
"'5","'LINE","'00h","'99.64365387"
"'5","'LINE","'LSB CRC","'99.24316406"
"'5","'LINE","'85h","'99.73552704"
"'5","'LINE","'LSB CRC","'98.98437500"
"'5","'LINE","'85h","'99.81445313"
"'5","'LINE","'MSB CRC","'99.67285156"
"'5","'LINE","'3Eh","'99.53862762"
"'5","'LINE","'MSB CRC","'99.36523438"
"'5","'LINE","'3Eh","'99.64604187"
"'5","'LINE","'Risposta Slave:","'99.92595673"
"'5","'LINE","'Slave response:","'99.88729858"
"'5","'LINE","'Indirizzo slave","'99.49886322"
"'5","'LINE","'08h","'99.75505829"
"'5","'LINE","'Slave address","'99.93652344"
"'5","'LINE","'08h","'99.85351563"
"'5","'LINE","'Funzione","'99.84135437"
"'5","'LINE","'10h","'99.65660858"
"'5","'LINE","'Function","'99.93083954"
"'5","'LINE","'10h","'98.72767639"
"'5","'LINE","'MSB Indirizzo registro","'99.36788940"
"'5","'LINE","'20h","'99.79412842"
"'5","'LINE","'MSB register address","'99.82887268"
"'5","'LINE","'20h","'99.75505829"
"'5","'LINE","'LSB Indirizzo registro","'99.56094360"
"'5","'LINE","'01h","'99.73552704"
"'5","'LINE","'LSB register address","'99.85298157"
"'5","'LINE","'01h","'99.80388641"
"'5","'LINE","'MSB Numero byte","'99.71009064"
"'5","'LINE","'00h","'99.48580933"
"'5","'LINE","'MSB byte number","'99.80362701"
"'5","'LINE","'00h","'99.52567291"
"'5","'LINE","'LSB Numero byte","'99.78707886"
"'5","'LINE","'02h","'99.80388641"
"'5","'LINE","'LSB byte number","'99.76701355"
"'5","'LINE","'02h","'99.76483154"
"'5","'LINE","'LSB CRC","'99.17968750"
"'5","'LINE","'1Bh","'99.59642029"
"'5","'LINE","'LSB CRC","'99.21386719"
"'5","'LINE","'1Bh","'99.55496979"
"'5","'LINE","'MSB CRC","'99.16015625"
"'5","'LINE","'51h","'99.47843933"
"'5","'LINE","'MSB CRC","'99.63378906"
"'5","'LINE","'51h","'99.68750000"
"'5","'LINE","'Lovato","'92.39537048"
"'5","'LINE","'electric","'90.69335938"
"'5","'LINE","'Doc. 1432IGB05_20.docx","'82.86471558"
"'5","'LINE","'20/05/2020","'99.79412842"
"'5","'LINE","'P. 5/12","'72.30368805"
"'6","'LINE","'PROTOCOLLO MODBUS® ASCII","'95.31156921"
"'6","'LINE","'MODBUS® ASCII PROTOCOL","'95.97071075"
"'6","'LINE","'Il protocollo Modbus® ASCII viene utilizzato","'89.98966980"
"'6","'LINE","'The Modbus® ASCII protocol is normally used in","'98.43779755"
"'6","'LINE","'normalmente nelle applicazioni che richiedono di","'99.26704407"
"'6","'LINE","'application that require to communicate through a","'98.59218597"
"'6","'LINE","'comunicare via modem.","'99.13784027"
"'6","'LINE","'couple of modems.","'99.44886780"
"'6","'LINE","'Le funzioni e gli indirizzi disponibili sono gli stessi della","'98.69734955"
"'6","'LINE","'The functions and addresses available are the same as","'99.46743011"
"'6","'LINE","'versione RTU, ma caratteri trasmessi sono in ASCII e la","'98.56632996"
"'6","'LINE","'for the RTU version, but the transmitted characters are","'99.56043243"
"'6","'LINE","'terminazione del messaggio non e' effettuata a tempo ma","'97.58111572"
"'6","'LINE","'in ASCII and the message end is delimited by Carriage","'99.55673981"
"'6","'LINE","'con dei caratteri di ritorno a capo.","'97.81095886"
"'6","'LINE","'return/ Line Feed instead of a transmission pause.","'98.72351837"
"'6","'LINE","'Se si seleziona il parametro P16.x.05 o P16.05 o come","'89.59570313"
"'6","'LINE","'If one selects the parameter P16.x.05 or P16.05 as","'98.69510651"
"'6","'LINE","'protocollo Modbus® ASCII, la struttura del messaggio di","'97.72249603"
"'6","'LINE","'Modbus® ASCII protocol, the communication message","'98.20033264"
"'6","'LINE","'comunicazione sulla relativa porta di comunicazione è","'98.71726227"
"'6","'LINE","'on the correspondent communication port has the","'99.38949585"
"'6","'LINE","'così costituita:","'98.75238800"
"'6","'LINE","'following structure:","'99.53583527"
"'6","'LINE","'Address","'99.85192108"
"'6","'LINE","'Function","'99.88281250"
"'6","'LINE","'Dates","'99.75347137"
"'6","'LINE","'LRC","'99.81445313"
"'6","'LINE","'CR","'99.61834717"
"'6","'LINE","'Indirizzo","'99.32557678"
"'6","'LINE","'Funzione","'99.76322937"
"'6","'LINE","'Dati","'99.72576141"
"'6","'LINE","'LRC","'99.79492188"
"'6","'LINE","'CR","'99.61914063"
"'6","'LINE","'(2 chars)","'94.43199921"
"'6","'LINE","'(2 chars)","'97.10798645"
"'6","'LINE","'(N chars)","'95.65579224"
"'6","'LINE","'(2","'96.84729767"
"'6","'LINE","'LF","'99.13504791"
"'6","'LINE","'2 chars","'96.93319702"
"'6","'LINE","'2 chars","'97.17205048"
"'6","'LINE","'(N chars)","'95.48628998"
"'6","'LINE","'2 chars","'96.92871094"
"'6","'LINE","'LF","'98.96743011"
"'6","'LINE","'chars)","'99.41426086"
"'6","'LINE","'The Address field holds the serial address of the slave","'99.70768738"
"'6","'LINE","'Il campo Indirizzo contiene l'indirizzo dello strumento","'91.56044769"
"'6","'LINE","'destination device.","'99.42642212"
"'6","'LINE","'slave cui il messaggio viene inviato.","'98.31044769"
"'6","'LINE","'The Function field holds the code of the function that","'99.68620300"
"'6","'LINE","'Il campo Funzione contiene il codice della funzione che","'95.09801483"
"'6","'LINE","'must be executed by the slave.","'99.85474396"
"'6","'LINE","'deve essere eseguita dallo slave.","'99.50186920"
"'6","'LINE","'The Data field contains data sent to the slave or data","'99.61982727"
"'6","'LINE","'Il campo Dati contiene i dati inviati allo slave o quelli","'90.97484589"
"'6","'LINE","'received from the slave in response to a query. The","'98.81937408"
"'6","'LINE","'inviati dallo slave come risposta ad una domanda. La","'99.13549042"
"'6","'LINE","'maximum allowable length is of (read pag. 3)","'99.17291260"
"'6","'LINE","'massima lunghezza consentita e' di (ved. Pag. 3) registri","'97.68311310"
"'6","'LINE","'consecutive registers.","'99.72297668"
"'6","'LINE","'consecutivi.","'98.47715759"
"'6","'LINE","'The LRC field allows the master and slave devices to","'99.71900940"
"'6","'LINE","'Il campo LRC consente sia al master che allo slave di","'95.33724976"
"'6","'LINE","'check the message integrity. If a message has been","'99.04837036"
"'6","'LINE","'verificare se ci sono errori di trasmissione.","'98.12574005"
"'6","'LINE","'corrupted by electrical noise or interference, the LRC","'99.54253387"
"'6","'LINE","'Questo consente, in caso di disturbo sulla linea di","'99.04827881"
"'6","'LINE","'field allows the devices to recognize the error and","'99.71609497"
"'6","'LINE","'trasmissione, di ignorare il messaggio inviato per evitare","'98.50286865"
"'6","'LINE","'thereby ignore the message.","'99.83338928"
"'6","'LINE","'problemi sia dal lato master che slave.","'99.48470306"
"'6","'LINE","'The message terminates always with CRLF control","'99.71392059"
"'6","'LINE","'character (0D 0A).","'87.72686768"
"'6","'LINE","'Il messaggio termina sempre con i caratteri di controllo","'92.24598694"
"'6","'LINE","'CRLF (0D 0A).","'84.60366058"
"'6","'LINE","'Example:","'99.67215729"
"'6","'LINE","'For instance, to read the status of third step (index 2),","'99.05063629"
"'6","'LINE","'Esempio:","'99.64285278"
"'6","'LINE","'which resides at location 2112h from the slave with","'99.68344879"
"'6","'LINE","'Per esempio, se si vuole leggere all' indirizzo 2112h il","'98.01490784"
"'6","'LINE","'serial address 08, the message to send is the following:","'99.48162079"
"'6","'LINE","'valore dello stato del terzo step (indice 2), il messaggio","'98.42889404"
"'6","'LINE","'da spedire è il seguente:","'98.07270050"
"'6","'LINE","':","'89.21795654"
"'6","'LINE","'08","'92.69451141"
"'6","'LINE","'04","'97.49840546"
"'6","'LINE","'21","'96.71795654"
"'6","'LINE","'11","'98.23819733"
"'6","'LINE","'00","'90.99708557"
"'6","'LINE","'01","'91.22070313"
"'6","'LINE","'C1","'92.81748199"
"'6","'LINE","'CRLF","'98.23082733"
"'6","'LINE","'08","'88.29510498"
"'6","'LINE","'04","'94.13903046"
"'6","'LINE","'21","'94.24725342"
"'6","'LINE","'11","'96.60076141"
"'6","'LINE","'00","'91.81002808"
"'6","'LINE","'01","'93.72070313"
"'6","'LINE","'C1","'95.89365387"
"'6","'LINE","'CRLF","'98.83629608"
"'6","'LINE","'Whereas:","'99.75505829"
"'6","'LINE","':","'87.36737061"
"'6","'LINE","'= ASCII 3Ah message start delimiter","'97.08397675"
"'6","'LINE","'Dove:","'99.31739807"
"'6","'LINE","'08 = slave address","'96.11534882"
"'6","'LINE","'= ASCII 3Ah Delimitatore inizio messaggio","'96.63790131"
"'6","'LINE","'04 Modbus® function 'Read input register","'89.16866302"
"'6","'LINE","'08 indirizzo slave.","'98.60524750"
"'6","'LINE","'21 11 = Address of the required register (L3 current","'96.22716522"
"'6","'LINE","'04 = funzione di lettura locazione.","'96.29431152"
"'6","'LINE","'phase decreased by one","'99.19657898"
"'6","'LINE","'21 11 = indirizzo della locazione diminuito di un'unità,","'95.01147461"
"'6","'LINE","'01 = Number of registers to be read beginning from","'97.24830627"
"'6","'LINE","'dello stato del terzo step (indice 2)","'98.92262268"
"'6","'LINE","'address 04","'98.03182983"
"'6","'LINE","'00 01 = numero di registri da leggere a partire","'96.29258728"
"'6","'LINE","'C1= LRC Checksum","'96.04133606"
"'6","'LINE","'dall'indirizzo 2112.","'97.00553894"
"'6","'LINE","'CRLF = ASCII 0Dh 0Ah = Message end delimiter","'94.92214966"
"'6","'LINE","'C1 = checksum LRC.","'95.32141876"
"'6","'LINE","'CRLF = ASCII 0Dh 0Ah = delimitatore fine messaggio","'94.84513092"
"'6","'LINE","'The DCRG8 answer is the following:","'99.15384674"
"'6","'LINE","'CR","'99.50195313"
"'6","'LINE","'La risposta del DCRG8 è la seguente:","'98.66851807"
"'6","'LINE","':","'87.32830048"
"'6","'LINE","'08","'96.15972137"
"'6","'LINE","'04","'98.05424500"
"'6","'LINE","'04","'97.36985779"
"'6","'LINE","'00","'96.12165070"
"'6","'LINE","'01","'98.21208954"
"'6","'LINE","'F1","'98.95507813"
"'6","'LINE","'LF","'98.75258636"
"'6","'LINE","'CR","'99.40429688"
"'6","'LINE","'08","'95.34099579"
"'6","'LINE","'04","'96.98242188"
"'6","'LINE","'04","'93.70695496"
"'6","'LINE","'00","'94.30863190"
"'6","'LINE","'01","'96.67888641"
"'6","'LINE","'F1","'99.21875000"
"'6","'LINE","'LF","'98.24079132"
"'6","'LINE","'Whereas:","'99.71440125"
"'6","'LINE","'ASCII 3Ah message start delimiter","'99.01901245"
"'6","'LINE","'Dove:","'98.81716156"
"'6","'LINE","'08 DCRG8 address (Slave 08)","'98.72528839"
"'6","'LINE","': = ASCII 3Ah = Delimitatore inizio messaggio","'94.02538300"
"'6","'LINE","'04 = Function requested by the master","'97.57406616"
"'6","'LINE","'08 indirizzo del DCRG8 (Slave 08).","'98.38740540"
"'6","'LINE","'04 = Number of bytes sent by the multimeter","'97.87391663"
"'6","'LINE","'04 funzione richiesta dal Master.","'98.56489563"
"'6","'LINE","'00 01 step status (1 = inserted)","'90.83315277"
"'6","'LINE","'04 = numero di byte inviati dallo slave.","'97.07494354"
"'6","'LINE","'F1 = LRC checksum","'95.20529938"
"'6","'LINE","'00 01 = stato dello step (1 inserito).","'91.91072083"
"'6","'LINE","'CRLF = ASCII 0Dh 0Ah = Message end delimiter","'94.51207733"
"'6","'LINE","'F1 = checksum LRC.","'94.70018005"
"'6","'LINE","'CRLF = ASCII 0Dh 0Ah delimitatore fine messaggio","'95.75647736"
"'6","'LINE","'Lovato","'74.80309296"
"'6","'LINE","'electric","'91.18164063"
"'6","'LINE","'Doc. 1432IGB05_20.docx","'85.05530548"
"'6","'LINE","'20/05/2020","'99.76562500"
"'6","'LINE","'P. 6/12","'86.86334229"
"'7","'LINE","'TABELLA 2:","'98.11035156"
"'7","'LINE","'TABLE 2:","'97.24121094"
"'7","'LINE","'MISURE FORNITE DAL PROTOCOLLO DI COM.","'99.57227325"
"'7","'LINE","'MEASURES SUPPLIED BY SERIAL COMMUNICATION PROTOCOL","'99.88566589"
"'7","'LINE","'(Utilizzabili con funzioni 03 e 04)","'97.54029083"
"'7","'LINE","'(To be used with functions 03 and 04)","'99.71263123"
"'7","'LINE","'Indirizzo","'99.49317932"
"'7","'LINE","'UNITA'","'98.77890015"
"'7","'LINE","'FORMATO","'99.88201141"
"'7","'LINE","'From","'99.92187500"
"'7","'LINE","'WORDS","'99.95117188"
"'7","'LINE","'MISURA","'99.92187500"
"'7","'LINE","'MEASURE","'99.92187500"
"'7","'LINE","'Address","'99.99023438"
"'7","'LINE","'UNIT","'99.93164063"
"'7","'LINE","'FORMAT","'99.92107391"
"'7","'LINE","'Fw.Rev.","'96.43733978"
"'7","'LINE","'MISURA ISTANTANEA (IN)","'98.68083954"
"'7","'LINE","'ISTANTANEOUS MEASURE (IN)","'99.56626129"
"'7","'LINE","'0000H","'99.25402069"
"'7","'LINE","'2","'99.83398438"
"'7","'LINE","'Cos phi / Cos phi totale","'93.72671509"
"'7","'LINE","'Cos phi / Total Cos phi","'96.36984253"
"'7","'LINE","'Value/1000","'98.81437683"
"'7","'LINE","'Signed long","'99.73064423"
"'7","'LINE","'4","'99.63548279"
"'7","'LINE","'0002H","'99.81205750"
"'7","'LINE","'2","'99.77539063"
"'7","'LINE","'Sen phi / ND","'90.53482056"
"'7","'LINE","'Sen phi NA","'95.45320129"
"'7","'LINE","'Value/1000","'98.42613983"
"'7","'LINE","'Signed long","'99.66757202"
"'7","'LINE","'4","'99.59402466"
"'7","'LINE","'0004H","'99.97070313"
"'7","'LINE","'2","'99.77539063"
"'7","'LINE","'Tan phi / ND","'89.42295837"
"'7","'LINE","'Tan phi NA","'94.04130554"
"'7","'LINE","'Value/1000","'98.73863983"
"'7","'LINE","'Signed long","'99.56503296"
"'7","'LINE","'4","'99.67454529"
"'7","'LINE","'0006H","'99.59243774"
"'7","'LINE","'2","'99.81445313"
"'7","'LINE","'Tensione / Tensione Equivalente","'95.04250336"
"'7","'LINE","'Voltage / Equivalent Voltage","'96.71286774"
"'7","'LINE","'V/10","'99.59482574"
"'7","'LINE","'Signed long","'99.71151733"
"'7","'LINE","'4","'99.71440125"
"'7","'LINE","'0008H","'99.87145233"
"'7","'LINE","'2","'99.73632813"
"'7","'LINE","'Corrente / Corrente Equivalente","'95.42405701"
"'7","'LINE","'Current / Equivalent Current","'95.15834808"
"'7","'LINE","'A/1000","'99.71201324"
"'7","'LINE","'Signed long","'99.77011108"
"'7","'LINE","'4","'99.67454529"
"'7","'LINE","'000AH","'98.99453735"
"'7","'LINE","'2","'99.75505829"
"'7","'LINE","'Potenza Reattiva / ND","'92.50129700"
"'7","'LINE","'Reactive Power / NA","'93.73076630"
"'7","'LINE","'Var","'99.84135437"
"'7","'LINE","'Signed long","'99.68669891"
"'7","'LINE","'4","'99.77379608"
"'7","'LINE","'000CH","'99.75186920"
"'7","'LINE","'2","'99.84375000"
"'7","'LINE","'ND / Potenza Reattiva 1","'95.14572906"
"'7","'LINE","'NA / Reactive Power 1","'96.55006409"
"'7","'LINE","'Var","'99.85192108"
"'7","'LINE","'Signed long","'99.62322998"
"'7","'LINE","'4","'99.76243591"
"'7","'LINE","'000EH","'96.84291840"
"'7","'LINE","'2","'99.79412842"
"'7","'LINE","'ND / Potenza Reattiva 2","'95.31791687"
"'7","'LINE","'NA / Reactive Power 2","'96.34801483"
"'7","'LINE","'Var","'99.81205750"
"'7","'LINE","'Signed long","'99.71151733"
"'7","'LINE","'4","'99.69407654"
"'7","'LINE","'0010H","'99.88201141"
"'7","'LINE","'2","'99.79492188"
"'7","'LINE","'ND / Potenza Reattiva 3","'94.36220551"
"'7","'LINE","'NA / Reactive Power 3","'96.70388031"
"'7","'LINE","'Var","'99.85192108"
"'7","'LINE","'Signed long","'99.70134735"
"'7","'LINE","'4","'99.71281433"
"'7","'LINE","'0012H","'99.95117188"
"'7","'LINE","'2","'99.64764404"
"'7","'LINE","'Delta Var / Delta Var","'96.00099945"
"'7","'LINE","'Delta Var / Delta Var","'96.28029633"
"'7","'LINE","'Var","'99.83159637"
"'7","'LINE","'Signed long","'99.63827515"
"'7","'LINE","'4","'99.52646637"
"'7","'LINE","'0016H","'99.84295654"
"'7","'LINE","'2","'99.71600342"
"'7","'LINE","'Energia attiva totale importata","'99.81001282"
"'7","'LINE","'Total imported active energy","'99.91455078"
"'7","'LINE","'kWh/10","'99.68511200"
"'7","'LINE","'Unsigned long","'99.79900360"
"'7","'LINE","'4","'99.59721375"
"'7","'LINE","'0018H","'99.92187500"
"'7","'LINE","'2","'99.76562500"
"'7","'LINE","'Energia reattiva induttiva totale","'99.64021301"
"'7","'LINE","'Total inductive reactive energy","'99.94628906"
"'7","'LINE","'kVarh/10","'98.71950531"
"'7","'LINE","'Unsigned long","'99.75505829"
"'7","'LINE","'4","'99.72417450"
"'7","'LINE","'001AH","'98.08912659"
"'7","'LINE","'2","'99.72576141"
"'7","'LINE","'Energia apparente totale","'99.82235718"
"'7","'LINE","'Total apparent energy","'99.90859222"
"'7","'LINE","'kVA/10","'99.65341949"
"'7","'LINE","'Unsigned long","'99.71600342"
"'7","'LINE","'4","'99.69407654"
"'7","'LINE","'001CH","'99.81285858"
"'7","'LINE","'2","'99.76483154"
"'7","'LINE","'Energia attiva totale esportata","'99.84947968"
"'7","'LINE","'Total exported active energy","'99.94628906"
"'7","'LINE","'kWh/10","'99.73313904"
"'7","'LINE","'Unsigned long","'99.79412842"
"'7","'LINE","'4","'99.73313904"
"'7","'LINE","'001EH","'99.16613770"
"'7","'LINE","'2","'99.73632813"
"'7","'LINE","'Energia reattiva capacitiva totale","'99.63269043"
"'7","'LINE","'Total capacitive reactive energy","'99.94873047"
"'7","'LINE","'kVarh/10","'98.73824310"
"'7","'LINE","'Unsigned long","'99.79412842"
"'7","'LINE","'4","'99.64524841"
"'7","'LINE","'0040H","'99.95117188"
"'7","'LINE","'2","'99.76562500"
"'7","'LINE","'ND / Tensione L1","'93.30292511"
"'7","'LINE","'NA / L1 Voltage","'93.13005829"
"'7","'LINE","'V/10","'99.69328308"
"'7","'LINE","'Signed long","'99.81893921"
"'7","'LINE","'4","'99.61515808"
"'7","'LINE","'0042H","'99.96093750"
"'7","'LINE","'2","'99.75505829"
"'7","'LINE","'ND / Tensione L2","'95.08580017"
"'7","'LINE","'NA / L2 Voltage","'95.05346680"
"'7","'LINE","'V/10","'99.64445496"
"'7","'LINE","'Signed long","'99.66757202"
"'7","'LINE","'4","'99.69567108"
"'7","'LINE","'0044H","'99.97070313"
"'7","'LINE","'2","'99.77458954"
"'7","'LINE","'ND / Tensione L3","'93.37846375"
"'7","'LINE","'NA / L3 Voltage","'94.32248688"
"'7","'LINE","'V/10","'99.56314087"
"'7","'LINE","'Signed long","'99.74081421"
"'7","'LINE","'4","'99.52806091"
"'7","'LINE","'0046H","'99.93164063"
"'7","'LINE","'2","'99.75505829"
"'7","'LINE","'ND / Corrente L1","'93.69040680"
"'7","'LINE","'NA / L1 Current","'92.16532898"
"'7","'LINE","'A/1000","'99.52248383"
"'7","'LINE","'Signed long","'99.76931000"
"'7","'LINE","'4","'99.65421295"
"'7","'LINE","'0048H","'99.93164063"
"'7","'LINE","'2","'99.65740204"
"'7","'LINE","'ND / Corrente L2","'95.07304382"
"'7","'LINE","'NA / L2 Current","'94.64365387"
"'7","'LINE","'A/1000","'99.48262024"
"'7","'LINE","'Signed long","'99.64276123"
"'7","'LINE","'4","'99.68350983"
"'7","'LINE","'004AH","'99.31341553"
"'7","'LINE","'2","'99.65740204"
"'7","'LINE","'ND / Corrente L3","'95.55345154"
"'7","'LINE","'NA / L3 Current","'95.62464905"
"'7","'LINE","'A/1000","'99.61196899"
"'7","'LINE","'Signed long","'99.78475952"
"'7","'LINE","'4","'99.72417450"
"'7","'LINE","'004CH","'99.95117188"
"'7","'LINE","'2","'99.72576141"
"'7","'LINE","'ND / Tensione L1-L2","'96.05947113"
"'7","'LINE","'NA / L1-L2 Voltage","'95.85608673"
"'7","'LINE","'V/10","'99.77300262"
"'7","'LINE","'Signed long","'99.74569702"
"'7","'LINE","'4","'99.61435699"
"'7","'LINE","'004EH","'99.61276245"
"'7","'LINE","'2","'99.76483154"
"'7","'LINE","'ND / Tensione L2-L3","'93.59808350"
"'7","'LINE","'NA / L2-L3 Voltage","'95.65564728"
"'7","'LINE","'V/10","'99.71281433"
"'7","'LINE","'Signed long","'99.75057983"
"'7","'LINE","'4","'99.79332733"
"'7","'LINE","'0050H","'99.72177887"
"'7","'LINE","'2","'99.79412842"
"'7","'LINE","'ND / Tensione L3-L1","'94.34859467"
"'7","'LINE","'NA / L3-L1 Voltage","'95.88229370"
"'7","'LINE","'V/10","'99.56632996"
"'7","'LINE","'Signed long","'99.76522827"
"'7","'LINE","'4","'99.76403046"
"'7","'LINE","'0052H","'99.83159637"
"'7","'LINE","'2","'99.68669891"
"'7","'LINE","'ND / Cos phi 1","'93.20324707"
"'7","'LINE","'NA / Cos phi 1","'94.80899048"
"'7","'LINE","'Value/1000","'99.12926483"
"'7","'LINE","'Signed long","'99.74569702"
"'7","'LINE","'4","'99.71440125"
"'7","'LINE","'0054H","'99.93083954"
"'7","'LINE","'2","'99.73552704"
"'7","'LINE","'ND / Cos phi 2","'92.50426483"
"'7","'LINE","'NA / Cos phi 2","'96.26937103"
"'7","'LINE","'Value/1000","'99.09020233"
"'7","'LINE","'Signed long","'99.69158936"
"'7","'LINE","'4","'99.68511200"
"'7","'LINE","'0056H","'99.91131592"
"'7","'LINE","'2","'99.72576141"
"'7","'LINE","'ND / Cos phi 3","'95.31807709"
"'7","'LINE","'NA / Cos phi 3","'97.54093933"
"'7","'LINE","'Value/1000","'98.75817108"
"'7","'LINE","'Signed long","'99.66268921"
"'7","'LINE","'4","'99.72337341"
"'7","'LINE","'0058H","'99.83159637"
"'7","'LINE","'2","'99.72576141"
"'7","'LINE","'ND / Sen phi 1","'94.74182892"
"'7","'LINE","'NA / Sen phi 1","'96.36412048"
"'7","'LINE","'Value/1000","'99.05273438"
"'7","'LINE","'Signed long","'99.75546265"
"'7","'LINE","'4","'99.76403046"
"'7","'LINE","'005AH","'99.84135437"
"'7","'LINE","'2","'99.73552704"
"'7","'LINE","'ND / Sen phi 2","'88.71082306"
"'7","'LINE","'NA / Sen phi 2","'97.21380615"
"'7","'LINE","'Value/1000","'98.34881592"
"'7","'LINE","'Signed long","'99.74081421"
"'7","'LINE","'4","'99.69407654"
"'7","'LINE","'005CH","'99.91131592"
"'7","'LINE","'2","'99.67693329"
"'7","'LINE","'ND / Sen phi 3","'93.34163666"
"'7","'LINE","'NA / Sen phi 3","'96.07967377"
"'7","'LINE","'Value/1000","'98.70934296"
"'7","'LINE","'Signed long","'99.54550171"
"'7","'LINE","'4","'99.69328308"
"'7","'LINE","'005EH","'99.49317932"
"'7","'LINE","'2","'99.80388641"
"'7","'LINE","'ND / Tan phi 1","'96.44606781"
"'7","'LINE","'NA / Tan phi 1","'96.66537476"
"'7","'LINE","'Value/1000","'98.82653046"
"'7","'LINE","'Signed long","'99.69647217"
"'7","'LINE","'4","'99.76403046"
"'7","'LINE","'0060H","'99.68192291"
"'7","'LINE","'2","'99.77458954"
"'7","'LINE","'ND / Tan phi 2","'94.80078125"
"'7","'LINE","'NA / Tan phi 2","'93.47767639"
"'7","'LINE","'Value/1000","'98.67028046"
"'7","'LINE","'Signed long","'99.71600342"
"'7","'LINE","'4","'99.69407654"
"'7","'LINE","'0062H","'99.75186920"
"'7","'LINE","'2","'99.72576141"
"'7","'LINE","'ND / Tan phi 3","'95.00797272"
"'7","'LINE","'NA / Tan phi 3","'95.87448120"
"'7","'LINE","'Value/1000","'98.27965546"
"'7","'LINE","'Signed long","'99.56343842"
"'7","'LINE","'4","'99.73313904"
"'7","'LINE","'1500H","'99.95117188"
"'7","'LINE","'2","'99.81365967"
"'7","'LINE","'Potenza Attiva / ND","'95.51453400"
"'7","'LINE","'Active Power / NA","'95.73735809"
"'7","'LINE","'W","'99.53383636"
"'7","'LINE","'Unsigned long","'99.80876923"
"'7","'LINE","'4","'99.69328308"
"'7","'LINE","'1502H","'99.95117188"
"'7","'LINE","'2","'99.77458954"
"'7","'LINE","'ND / Potenza Attiva 1","'94.88523865"
"'7","'LINE","'NA / Active Power 1","'97.06533051"
"'7","'LINE","'W","'99.71201324"
"'7","'LINE","'Unsigned long","'99.79412842"
"'7","'LINE","'4","'99.73394012"
"'7","'LINE","'1504H","'99.96093750"
"'7","'LINE","'2","'99.77539063"
"'7","'LINE","'ND / Potenza Attiva 2","'95.27256012"
"'7","'LINE","'NA / Active Power 2","'97.32920074"
"'7","'LINE","'W","'99.75186920"
"'7","'LINE","'Unsigned long","'99.79940796"
"'7","'LINE","'4","'99.72417450"
"'7","'LINE","'1506H","'99.92187500"
"'7","'LINE","'2","'99.71600342"
"'7","'LINE","'ND / Potenza Attiva 3","'95.46946716"
"'7","'LINE","'NA / Active Power 3","'96.94387817"
"'7","'LINE","'W","'99.71201324"
"'7","'LINE","'Unsigned long","'99.66717529"
"'7","'LINE","'4","'99.71281433"
"'7","'LINE","'1508H","'99.92187500"
"'7","'LINE","'2","'99.77458954"
"'7","'LINE","'Potenza Apparente / ND","'92.60652924"
"'7","'LINE","'Apparent Power / NA","'96.00127411"
"'7","'LINE","'VA","'99.92107391"
"'7","'LINE","'Unsigned long","'99.76971436"
"'7","'LINE","'4","'99.76403046"
"'7","'LINE","'150AH","'99.88201141"
"'7","'LINE","'2","'99.73552704"
"'7","'LINE","'ND / Potenza Apparente 1","'96.30165863"
"'7","'LINE","'NA / Apparent Power 1","'95.31668091"
"'7","'LINE","'VA","'99.93083954"
"'7","'LINE","'Unsigned long","'99.80388641"
"'7","'LINE","'4","'99.71360779"
"'7","'LINE","'150CH","'99.79412842"
"'7","'LINE","'2","'99.76483154"
"'7","'LINE","'ND / Potenza Apparente 2","'96.05959320"
"'7","'LINE","'NA / Apparent Power 2","'96.85104370"
"'7","'LINE","'VA","'99.95117188"
"'7","'LINE","'Unsigned long","'99.77458954"
"'7","'LINE","'4","'99.72337341"
"'7","'LINE","'150EH","'98.92518616"
"'7","'LINE","'2","'99.71600342"
"'7","'LINE","'ND / Potenza Apparente 3","'95.44535065"
"'7","'LINE","'NA / Apparent Power 3","'95.90533447"
"'7","'LINE","'VA","'99.91131592"
"'7","'LINE","'Unsigned long","'99.74530029"
"'7","'LINE","'4","'99.72417450"
"'7","'LINE","'Nota Se la centralina è cablata e programmata con una tensione ed una corrente verrà restituita la prima misura; Se invece sono disponibili 3 tensioni e 3 correnti verrà restituita la seconda","'98.82720947"
"'7","'LINE","'misura.","'99.49398041"
"'7","'LINE","'Note If the device has been wired and programmed with one voltage and one current inputs, then the first measurement will be returned; Otherwise, if three voltages and three current are","'99.83103180"
"'7","'LINE","'available, the second measurement will be returned.","'99.86180115"
"'7","'LINE","'Indirizzo","'99.44435120"
"'7","'LINE","'UNITA'","'98.93753815"
"'7","'LINE","'FORMATO","'99.91131592"
"'7","'LINE","'From","'99.96093750"
"'7","'LINE","'WORDS","'99.96093750"
"'7","'LINE","'MISURA","'99.93164063"
"'7","'LINE","'MEASURE","'99.92187500"
"'7","'LINE","'Address","'99.97070313"
"'7","'LINE","'UNIT","'99.89257813"
"'7","'LINE","'FORMAT","'99.92107391"
"'7","'LINE","'Fw.Rev.","'96.37535858"
"'7","'LINE","'1300H + (2 i),","'94.21737671"
"'7","'LINE","'2","'99.56951904"
"'7","'LINE","'0<= <= 31","'89.53105164"
"'7","'LINE","'Potenza reattiva step i","'96.67764282"
"'7","'LINE","'Reactive Power Step i","'97.11953735"
"'7","'LINE","'kVar/100","'98.29061890"
"'7","'LINE","'Unsigned long","'99.75057983"
"'7","'LINE","'4","'99.65660858"
"'7","'LINE","'1200H + (2 i),","'93.11998749"
"'7","'LINE","'2","'99.48082733"
"'7","'LINE","'Tempo inserzione step i","'96.06644440"
"'7","'LINE","'Insertion Time Step i","'97.19806671"
"'7","'LINE","'Sec","'99.95117188"
"'7","'LINE","'Unsigned long","'99.81365967"
"'7","'LINE","'4","'99.59562683"
"'7","'LINE","'0<= <= 31","'90.13014221"
"'7","'LINE","'1100H + (2 i),","'94.30128479"
"'7","'LINE","'2","'99.50195313"
"'7","'LINE","'Numero inserzioni step i","'96.68028259"
"'7","'LINE","'Insertion Count Step i","'96.08749390"
"'7","'LINE","'-","'86.34037781"
"'7","'LINE","'Unsigned long","'99.80876923"
"'7","'LINE","'4","'99.71520233"
"'7","'LINE","'0<= <= 31","'90.98699188"
"'7","'LINE","'2001H","'99.81445313"
"'7","'LINE","'1","'98.21129608"
"'7","'LINE","'Flag CAP-IND Corrente / ND","'97.26136017"
"'7","'LINE","'Current CAP-IND Flag / ND","'96.19706726"
"'7","'LINE","'0 = CAP / 1 = IND","'93.09884644"
"'7","'LINE","'Unsigned short","'99.89257813"
"'7","'LINE","'4","'99.76403046"
"'7","'LINE","'2002H","'99.95117188"
"'7","'LINE","'1","'97.83701324"
"'7","'LINE","'ND / Flag CAP-IND Corrente 1","'96.71775055"
"'7","'LINE","'ND / Current 1 CAP-IND Flag","'97.09392548"
"'7","'LINE","'0 = CAP / = IND","'94.30232239"
"'7","'LINE","'Unsigned short","'99.89257813"
"'7","'LINE","'4","'99.59562683"
"'7","'LINE","'2003H","'99.96093750"
"'7","'LINE","'1","'98.04627991"
"'7","'LINE","'ND / Flag CAP-IND Corrente 2","'97.76429749"
"'7","'LINE","'ND / Current 2 CAP-IND Flag","'96.10567474"
"'7","'LINE","'0 = CAP / 1 = IND","'92.34262848"
"'7","'LINE","'Unsigned short","'99.93652344"
"'7","'LINE","'4","'99.64524841"
"'7","'LINE","'2004H","'99.97070313"
"'7","'LINE","'1","'98.39764404"
"'7","'LINE","'ND / Flag CAP-IND Corrente 3","'97.14382172"
"'7","'LINE","'ND / Current 3 CAP-IND Flag","'96.34270477"
"'7","'LINE","'0 = CAP / 1 = IND","'93.92552185"
"'7","'LINE","'Unsigned short","'99.87304688"
"'7","'LINE","'4","'99.42063904"
"'7","'LINE","'2005H","'99.91131592"
"'7","'LINE","'1","'97.74334717"
"'7","'LINE","'PF medio sttimanale","'99.43099976"
"'7","'LINE","'Average weekly PF","'99.79166412"
"'7","'LINE","'/1000","'98.77969360"
"'7","'LINE","'Unsigned short","'99.93652344"
"'7","'LINE","'4","'99.59801483"
"'7","'LINE","'0 = step not ins.","'95.93054962"
"'7","'LINE","'2110H + (1 i),","'92.19938660"
"'7","'LINE","'1","'97.17395020"
"'7","'LINE","'0<= <= 31","'89.42697906"
"'7","'LINE","'Stato Step","'99.72337341"
"'7","'LINE","'Step Status","'99.82830048"
"'7","'LINE","'1 = step ins.","'93.06994629"
"'7","'LINE","'3 = step moving","'96.82926178"
"'7","'LINE","'Unsigned short","'99.94628906"
"'7","'LINE","'4","'99.53702545"
"'7","'LINE","'2 : step not config.","'96.21349335"
"'7","'LINE","'202AH","'99.52806091"
"'7","'LINE","'1","'98.07457733"
"'7","'LINE","'Temperatura °C/°F","'98.30048370"
"'7","'LINE","'Temperature °C/°F","'98.83251190"
"'7","'LINE","'Value/10","'98.94132996"
"'7","'LINE","'Signed short","'99.87753296"
"'7","'LINE","'4","'99.63548279"
"'7","'LINE","'202BH","'99.75347137"
"'7","'LINE","'1","'98.04528046"
"'7","'LINE","'Temperatura massima °C/°F","'98.85350800"
"'7","'LINE","'Max Temperature °C/°F","'99.31633759"
"'7","'LINE","'Value/10","'99.17729187"
"'7","'LINE","'Signed short","'99.78515625"
"'7","'LINE","'4","'99.60618591"
"'7","'LINE","'2C00H + (1 i),","'92.77164459"
"'7","'LINE","'1","'97.57414246"
"'7","'LINE","'(i+2)° armonica di tensione L1","'98.71910858"
"'7","'LINE","'(i+2)° L1 harmonic voltage","'97.81713867"
"'7","'LINE","'Value/10","'99.25541687"
"'7","'LINE","'Unsigned short","'99.89257813"
"'7","'LINE","'4","'99.44993591"
"'7","'LINE","'0<= <= 29","'89.22731781"
"'7","'LINE","'2C20H","'99.08222961"
"'7","'LINE","'1","'97.95658875"
"'7","'LINE","'THD di Tensione L1","'99.24077606"
"'7","'LINE","'L1 voltage THD","'99.28770447"
"'7","'LINE","'Value/10","'99.37260437"
"'7","'LINE","'Unsigned short","'99.80468750"
"'7","'LINE","'4","'99.63548279"
"'7","'LINE","'2C30H + (1 i),","'93.97289276"
"'7","'LINE","'1","'97.99326324"
"'7","'LINE","'(i+2)° armonica di tensione L2","'98.98007202"
"'7","'LINE","'(i+2)° L2 harmonic voltage","'98.56211090"
"'7","'LINE","'Value/10","'99.06987762"
"'7","'LINE","'Unsigned short","'99.91699219"
"'7","'LINE","'4","'99.45890045"
"'7","'LINE","'0<= <= 29","'91.72512817"
"'7","'LINE","'2C50H","'99.65660858"
"'7","'LINE","'1","'98.12021637"
"'7","'LINE","'THD di Tensione L2","'99.47310638"
"'7","'LINE","'L2 voltage THD","'99.33839417"
"'7","'LINE","'Value/10","'99.40190125"
"'7","'LINE","'Unsigned short","'99.89746094"
"'7","'LINE","'4","'99.57688904"
"'7","'LINE","'2C60H + (1 i),","'92.58753967"
"'7","'LINE","'1","'97.45615387"
"'7","'LINE","'0<= <= 29","'91.31613159"
"'7","'LINE","'(i+2)° armonica di tensione L3","'98.19583130"
"'7","'LINE","'(i+2)° L3 harmonic voltage","'98.55762482"
"'7","'LINE","'Value/10","'99.22453308"
"'7","'LINE","'Unsigned short","'99.90234375"
"'7","'LINE","'4","'99.49716949"
"'7","'LINE","'2C80H","'99.69647217"
"'7","'LINE","'1","'97.91673279"
"'7","'LINE","'THD di Tensione L3","'99.55591583"
"'7","'LINE","'L3 voltage THD","'99.66989899"
"'7","'LINE","'Value/10","'99.29368591"
"'7","'LINE","'Unsigned short","'99.90234375"
"'7","'LINE","'4","'99.52726746"
"'7","'LINE","'Lovato","'97.18351746"
"'7","'LINE","'electric","'89.88769531"
"'7","'LINE","'Doc. 1432IGB05_20.docx","'85.56869507"
"'7","'LINE","'20/05/2020","'99.87304688"
"'7","'LINE","'P. 7/12","'83.20631409"
"'8","'LINE","'Indirizzo","'99.31660461"
"'8","'LINE","'UNITA'","'98.32011414"
"'8","'LINE","'FORMATO","'99.81285858"
"'8","'LINE","'From","'99.76562500"
"'8","'LINE","'WORDS","'99.84375000"
"'8","'LINE","'MISURA","'99.85271454"
"'8","'LINE","'MEASURE","'99.80388641"
"'8","'LINE","'Address","'99.89178467"
"'8","'LINE","'UNIT","'99.76562500"
"'8","'LINE","'FORMAT","'99.83318329"
"'8","'LINE","'Fw.Rev.","'96.24840546"
"'8","'LINE","'MISURA ISTANTANEA (IN)","'99.29156494"
"'8","'LINE","'ISTANTANEOUS MEASURE (IN)","'99.37181091"
"'8","'LINE","'4","'97.73198700"
"'8","'LINE","'2C90H + (1 *i),","'71.32828522"
"'8","'LINE","'1","'91.91246796"
"'8","'LINE","'0<= <= 29","'78.20614624"
"'8","'LINE","'(i+2)° armonica di corrente L1","'97.47002411"
"'8","'LINE","'(i+2)° L1 harmonic current","'96.93833160"
"'8","'LINE","'Value/10","'98.86001587"
"'8","'LINE","'Unsigned integer","'99.07575226"
"'8","'LINE","'4","'97.99645233"
"'8","'LINE","'2CB0H","'95.59172058"
"'8","'LINE","'1","'91.95970154"
"'8","'LINE","'THD di corrente L1","'97.89515686"
"'8","'LINE","'L1 current THD","'98.39331818"
"'8","'LINE","'Value/10","'99.06827545"
"'8","'LINE","'Unsigned integer","'99.40479279"
"'8","'LINE","'4","'97.30229187"
"'8","'LINE","'2CC0H + (1 *i),","'68.52970886"
"'8","'LINE","'1","'91.91326141"
"'8","'LINE","'0<= <= 29","'74.57862091"
"'8","'LINE","'(i+2)° armonica di corrente L2","'97.44798279"
"'8","'LINE","'(i+2)° L2 harmonic current","'96.46404266"
"'8","'LINE","'Value/10","'99.17729187"
"'8","'LINE","'Unsigned integer","'97.23164368"
"'8","'LINE","'4","'97.26403046"
"'8","'LINE","'2CE0H","'94.72357178"
"'8","'LINE","'1","'92.25844574"
"'8","'LINE","'THD di corrente L2","'98.35334778"
"'8","'LINE","'L2 current THD","'98.55063629"
"'8","'LINE","'Value/10","'99.30424500"
"'8","'LINE","'Unsigned integer","'97.27967072"
"'8","'LINE","'4","'98.21050262"
"'8","'LINE","'2CF0H + (1 *i),","'68.85157776"
"'8","'LINE","'1","'92.02965546"
"'8","'LINE","'(i+2)° Armonica di corrente L3","'97.98329926"
"'8","'LINE","'(i+2)° L3 harmonic current","'96.97683716"
"'8","'LINE","'Value/10","'98.94950104"
"'8","'LINE","'0<= <= 29","'77.19055176"
"'8","'LINE","'Unsigned integer","'99.00948334"
"'8","'LINE","'4","'97.66362000"
"'8","'LINE","'2D10H","'99.46208954"
"'8","'LINE","'1","'92.19407654"
"'8","'LINE","'THD di corrente L3","'98.20581818"
"'8","'LINE","'L3 current THD","'98.41065979"
"'8","'LINE","'Value/10","'99.14560699"
"'8","'LINE","'Unsigned integer","'97.39925385"
"'8","'LINE","'4","'97.88903046"
"'8","'LINE","'2D20H + (1 *i),","'71.57531738"
"'8","'LINE","'1","'91.62686920"
"'8","'LINE","'0<= <= 29","'77.52275085"
"'8","'LINE","'(i+2)° armonica di tensione L1-L2","'98.33541870"
"'8","'LINE","'(i+2)° L1-L2 harmonic voltage","'95.25022125"
"'8","'LINE","'Value/10","'98.69977570"
"'8","'LINE","'Unsigned integer","'98.97939301"
"'8","'LINE","'4","'97.81010437"
"'8","'LINE","'2D40","'99.89257813"
"'8","'LINE","'1","'92.06951141"
"'8","'LINE","'THD di Tensione L1-L2","'98.74312592"
"'8","'LINE","'L1-L2 voltage THD","'98.73432159"
"'8","'LINE","'Value/10","'99.22373199"
"'8","'LINE","'Unsigned integer","'99.17420959"
"'8","'LINE","'4","'97.68395233"
"'8","'LINE","'2D50H (1*i),","'70.94482422"
"'8","'LINE","'1","'91.42418671"
"'8","'LINE","'0<= <= 29","'77.50062561"
"'8","'LINE","'(i+2)° armonica di tensione L2-L3","'97.68259430"
"'8","'LINE","'(i+2)° L2-L3 harmonic voltage","'96.96981812"
"'8","'LINE","'Value/10","'99.24645233"
"'8","'LINE","'Unsigned integer","'97.56397247"
"'8","'LINE","'4","'97.76287842"
"'8","'LINE","'2D70H","'99.50195313"
"'8","'LINE","'1","'91.57884216"
"'8","'LINE","'THD di Tensione L2-L3","'98.79399872"
"'8","'LINE","'L2-L3 voltage THD","'98.72455597"
"'8","'LINE","'Value/10","'99.02841949"
"'8","'LINE","'Unsigned integer","'98.90047455"
"'8","'LINE","'4","'98.15270233"
"'8","'LINE","'2D80 + i),","'90.12030792"
"'8","'LINE","'1","'91.69841766"
"'8","'LINE","'(i+2)° armonica di tensione L3-L1","'98.08299255"
"'8","'LINE","'(i+2)° L3-L1 harmonic voltage","'97.63776398"
"'8","'LINE","'Value/10","'98.90146637"
"'8","'LINE","'Unsigned integer","'99.54111481"
"'8","'LINE","'4","'97.43083954"
"'8","'LINE","'0<= <= 29","'78.40823364"
"'8","'LINE","'2DA0H","'99.10016632"
"'8","'LINE","'1","'91.06126404"
"'8","'LINE","'THD di Tensione L3-L1","'98.90465546"
"'8","'LINE","'L3-L1 voltage THD","'98.83683014"
"'8","'LINE","'Value/10","'99.10893250"
"'8","'LINE","'Unsigned integer","'98.97530365"
"'8","'LINE","'4","'97.65386200"
"'8","'LINE","'1A80H","'99.17669678"
"'8","'LINE","'2","'97.89958954"
"'8","'LINE","'Contatore 1","'94.57579041"
"'8","'LINE","'Counter 1","'95.36670685"
"'8","'LINE","'/1","'97.34394836"
"'8","'LINE","'Unsigned long","'99.45641327"
"'8","'LINE","'4","'97.70269012"
"'8","'LINE","'1A82H","'99.68511200"
"'8","'LINE","'2","'97.74254608"
"'8","'LINE","'Contatore 2","'97.12053680"
"'8","'LINE","'Counter 2","'97.27718353"
"'8","'LINE","'/1","'97.08287048"
"'8","'LINE","'Unsigned long","'99.28551483"
"'8","'LINE","'4","'97.54643250"
"'8","'LINE","'1A84H","'99.75347137"
"'8","'LINE","'2","'97.69451904"
"'8","'LINE","'Contatore 3","'97.12631989"
"'8","'LINE","'Counter 3","'97.54892731"
"'8","'LINE","'/1","'97.38539886"
"'8","'LINE","'Unsigned long","'99.43159485"
"'8","'LINE","'4","'98.09410858"
"'8","'LINE","'1A86H","'99.33613586"
"'8","'LINE","'2","'98.25195313"
"'8","'LINE","'Contatore 4","'97.80452728"
"'8","'LINE","'Counter 4","'98.20153046"
"'8","'LINE","'/1","'97.26024628"
"'8","'LINE","'Unsigned long","'99.22612000"
"'8","'LINE","'4","'97.92729950"
"'8","'LINE","'1A88H","'99.73394012"
"'8","'LINE","'2","'97.97771454"
"'8","'LINE","'Contatore 5","'97.96685791"
"'8","'LINE","'Counter 5","'98.12181091"
"'8","'LINE","'/1","'97.47349548"
"'8","'LINE","'Unsigned long","'99.39701843"
"'8","'LINE","'4","'97.40972137"
"'8","'LINE","'1A8AH","'99.24665070"
"'8","'LINE","'2","'97.88005829"
"'8","'LINE","'Contatore 6","'97.91314697"
"'8","'LINE","'Counter 6","'98.30785370"
"'8","'LINE","'/1","'96.88277435"
"'8","'LINE","'Unsigned long","'99.49955750"
"'8","'LINE","'4","'98.03471375"
"'8","'LINE","'1A8CH","'99.47763824"
"'8","'LINE","'2","'97.85156250"
"'8","'LINE","'Contatore 7","'96.84709930"
"'8","'LINE","'Counter 7","'97.13747406"
"'8","'LINE","'/1","'97.07968140"
"'8","'LINE","'Unsigned long","'99.32377625"
"'8","'LINE","'4","'97.69291687"
"'8","'LINE","'1A8EH","'98.94312286"
"'8","'LINE","'2","'97.90039063"
"'8","'LINE","'Contatore 8","'97.39118195"
"'8","'LINE","'Counter 8","'98.11084747"
"'8","'LINE","'/1","'97.99086761"
"'8","'LINE","'Unsigned long","'99.44176483"
"'8","'LINE","'4","'97.54563904"
"'8","'LINE","'2DC0H","'97.34953308"
"'8","'LINE","'1","'92.55540466"
"'8","'LINE","'Limite 1","'95.63317108"
"'8","'LINE","'Limit 1","'95.81911469"
"'8","'LINE","'/1","'97.57752228"
"'8","'LINE","'Unsigned integer","'99.44385529"
"'8","'LINE","'4","'97.45854950"
"'8","'LINE","'2DCFH","'98.77929688"
"'8","'LINE","'1","'92.10778046"
"'8","'LINE","'Limite 16","'98.78666687"
"'8","'LINE","'Limit 16","'98.75817108"
"'8","'LINE","'/1","'97.68415070"
"'8","'LINE","'Unsigned integer","'98.89678192"
"'8","'LINE","'4","'97.71903229"
"'8","'LINE","'2DE0H","'98.61447906"
"'8","'LINE","'1","'91.69683075"
"'8","'LINE","'Ingresso 1","'94.98963165"
"'8","'LINE","'Input 1","'95.38095856"
"'8","'LINE","'/1","'97.05516815"
"'8","'LINE","'Unsigned integer","'98.35340118"
"'8","'LINE","'4","'97.17533875"
"'8","'LINE","'2DE7H","'99.49138641"
"'8","'LINE","'1","'92.45615387"
"'8","'LINE","'Ingresso 8","'97.92360687"
"'8","'LINE","'Input 8","'97.53876495"
"'8","'LINE","'/1","'97.36268616"
"'8","'LINE","'Unsigned integer","'97.60582733"
"'8","'LINE","'4","'97.49521637"
"'8","'LINE","'2DF0H","'97.09084320"
"'8","'LINE","'1","'92.19407654"
"'8","'LINE","'Uscita 1","'94.84305573"
"'8","'LINE","'Output 1","'95.54737091"
"'8","'LINE","'/1","'97.49202728"
"'8","'LINE","'Unsigned integer","'99.09408569"
"'8","'LINE","'4","'97.41868591"
"'8","'LINE","'2DF7H","'99.32298279"
"'8","'LINE","'1","'92.84996796"
"'8","'LINE","'Uscita 16","'98.96125793"
"'8","'LINE","'Output 16","'98.77690887"
"'8","'LINE","'/1","'97.29272461"
"'8","'LINE","'Unsigned integer","'99.27216339"
"'8","'LINE","'4","'97.60503387"
"'8","'LINE","'TABELLA 3:","'96.58222961"
"'8","'LINE","'TABLE 3:","'97.99236298"
"'8","'LINE","'COMANDI","'99.85271454"
"'8","'LINE","'COMMANDS","'99.89257813"
"'8","'LINE","'(Utilizzabili con funzione 06)","'98.52629089"
"'8","'LINE","'(To be used with function 06)","'99.28322601"
"'8","'LINE","'INDIRIZZO","'99.35646820"
"'8","'LINE","'WORDS","'99.75426483"
"'8","'LINE","'COMANDO","'99.71440125"
"'8","'LINE","'COMMAND","'99.88201141"
"'8","'LINE","'VALORE","'99.63548279"
"'8","'LINE","'FORMATO","'99.71360779"
"'8","'LINE","'From Fw.","'98.92378998"
"'8","'LINE","'ADDRESS","'99.91210938"
"'8","'LINE","'VALUE","'99.72496796"
"'8","'LINE","'FORMAT","'99.85271454"
"'8","'LINE","'Rev.","'99.72656250"
"'8","'LINE","'2FF0H","'77.31883240"
"'8","'LINE","'1","'93.26908875"
"'8","'LINE","'Azzera energia parziale","'99.45950317"
"'8","'LINE","'Reset Partial Energy","'99.62538147"
"'8","'LINE","'1","'91.51127625"
"'8","'LINE","'Unsigned int","'98.69439697"
"'8","'LINE","'4","'97.89720154"
"'8","'LINE","'2FF0H","'72.98967743"
"'8","'LINE","'1","'92.50817108"
"'8","'LINE","'Azzera contatori","'98.97451019"
"'8","'LINE","'Reset External counter","'99.51311493"
"'8","'LINE","'2","'97.25506592"
"'8","'LINE","'Unsigned int","'98.80141449"
"'8","'LINE","'4","'97.83940125"
"'8","'LINE","'2FF0H","'80.64353180"
"'8","'LINE","'1","'93.19176483"
"'8","'LINE","'Azzera limiti","'99.18626404"
"'8","'LINE","'Reset Limits","'99.43807983"
"'8","'LINE","'3","'96.68466949"
"'8","'LINE","'Unsigned int","'99.15617371"
"'8","'LINE","'4","'97.26323700"
"'8","'LINE","'2FF0H","'75.14369202"
"'8","'LINE","'1","'92.91832733"
"'8","'LINE","'Azzera temp. massima","'99.51045227"
"'8","'LINE","'Reset max temperatue","'99.32491302"
"'8","'LINE","'4","'96.59020233"
"'8","'LINE","'Unsigned int","'99.18387604"
"'8","'LINE","'4","'97.58550262"
"'8","'LINE","'2FF0H","'75.16323090"
"'8","'LINE","'1","'92.87846375"
"'8","'LINE","'Azzera sovraccarico condensatori","'99.15849304"
"'8","'LINE","'Reset capacitor overload","'99.61754608"
"'8","'LINE","'5","'97.31285858"
"'8","'LINE","'Unsigned int","'99.15457153"
"'8","'LINE","'4","'97.25765228"
"'8","'LINE","'2FF0H","'65.45699310"
"'8","'LINE","'1","'92.93785858"
"'8","'LINE","'Azzera tempi inserzione condensatori","'99.22138977"
"'8","'LINE","'Reset step insertion time","'99.61081696"
"'8","'LINE","'6","'97.57653046"
"'8","'LINE","'Unsigned int","'99.19075012"
"'8","'LINE","'4","'97.62376404"
"'8","'LINE","'2FF0H","'88.31533051"
"'8","'LINE","'1","'92.62535858"
"'8","'LINE","'Azzera manovre condensatori","'99.26200104"
"'8","'LINE","'Reset step insertion count","'99.65292358"
"'8","'LINE","'7","'96.08398438"
"'8","'LINE","'Unsigned int","'99.05323029"
"'8","'LINE","'4","'96.72692108"
"'8","'LINE","'2FF0H","'82.01829529"
"'8","'LINE","'1","'92.97692108"
"'8","'LINE","'Azzera Step trimming","'99.63628387"
"'8","'LINE","'Reset Step trimming","'99.65415192"
"'8","'LINE","'8","'97.53507233"
"'8","'LINE","'Unsigned int","'99.12657928"
"'8","'LINE","'4","'97.37065125"
"'8","'LINE","'2FFOH","'59.42841339"
"'8","'LINE","'1","'93.44567108"
"'8","'LINE","'Azzera energia totale","'99.37679291"
"'8","'LINE","'Reset Total Energy","'99.76562500"
"'8","'LINE","'9","'97.91992188"
"'8","'LINE","'Unsigned int","'99.37669373"
"'8","'LINE","'4","'96.71715546"
"'8","'LINE","'2FF0H","'87.45954132"
"'8","'LINE","'1","'92.58629608"
"'8","'LINE","'Ripristina modalità test","'99.45977020"
"'8","'LINE","'Restore test mode","'99.60997009"
"'8","'LINE","'10","'99.40270233"
"'8","'LINE","'Unsigned int","'99.08990479"
"'8","'LINE","'4","'96.95073700"
"'8","'LINE","'2FF0H","'79.68769836"
"'8","'LINE","'1","'93.23082733"
"'8","'LINE","'Azzera memoria eventi","'99.42854309"
"'8","'LINE","'Reset events log","'99.54347229"
"'8","'LINE","'11","'99.08860779"
"'8","'LINE","'Unsigned int","'99.33155060"
"'8","'LINE","'4","'97.54803467"
"'8","'LINE","'2FF0H","'83.83310699"
"'8","'LINE","'1","'92.39098358"
"'8","'LINE","'Setup a default","'97.49069977"
"'8","'LINE","'Setup to default","'99.10840607"
"'8","'LINE","'12","'99.26677704"
"'8","'LINE","'Unsigned int","'99.18795776"
"'8","'LINE","'4","'97.09801483"
"'8","'LINE","'2FF0H","'77.72480774"
"'8","'LINE","'1","'92.19487000"
"'8","'LINE","'Salva copia setup","'99.60292816"
"'8","'LINE","'Backup parameters","'99.55615997"
"'8","'LINE","'13","'99.35965729"
"'8","'LINE","'Unsigned int","'99.16673279"
"'8","'LINE","'4","'96.39488983"
"'8","'LINE","'2FF0H","'84.85810089"
"'8","'LINE","'1","'92.23473358"
"'8","'LINE","'Ripristina setup","'99.39382935"
"'8","'LINE","'Restore parameters","'99.52118683"
"'8","'LINE","'14","'99.45153046"
"'8","'LINE","'Unsigned int","'98.86649323"
"'8","'LINE","'4","'97.09801483"
"'8","'LINE","'2FF0H","'77.49462128"
"'8","'LINE","'1","'92.13628387"
"'8","'LINE","'Azzera TPF settimanale","'99.32517242"
"'8","'LINE","'Reset week TPF","'99.47484589"
"'8","'LINE","'15","'99.33513641"
"'8","'LINE","'Unsigned int","'99.03489685"
"'8","'LINE","'4","'97.19567108"
"'8","'LINE","'2FF0H","'81.99797058"
"'8","'LINE","'1","'93.08354950"
"'8","'LINE","'Azzera manutenzione 1","'97.21719360"
"'8","'LINE","'Reset maintenance 1","'96.88589478"
"'8","'LINE","'16","'99.52069092"
"'8","'LINE","'Unsigned int","'99.09268951"
"'8","'LINE","'4","'97.14604950"
"'8","'LINE","'2FF0H","'75.65130615"
"'8","'LINE","'1","'91.86363983"
"'8","'LINE","'Azzera manutenzione 2","'97.95041656"
"'8","'LINE","'Reset maintenance 2","'98.23109436"
"'8","'LINE","'17","'99.49138641"
"'8","'LINE","'Unsigned int","'99.31361389"
"'8","'LINE","'4","'96.62926483"
"'8","'LINE","'2FF0H","'81.54974365"
"'8","'LINE","'1","'92.06792450"
"'8","'LINE","'Azzera manutenzione 3","'98.13735199"
"'8","'LINE","'Reset maintenance 3","'98.20100403"
"'8","'LINE","'18","'99.48082733"
"'8","'LINE","'Unsigned int","'98.96982574"
"'8","'LINE","'4","'96.68705750"
"'8","'LINE","'3005H","'99.69647217"
"'8","'LINE","'1","'93.11204529"
"'8","'LINE","'Attivazione di uno step","'98.93873596"
"'8","'LINE","'Step activation","'99.65700531"
"'8","'LINE","'Unsigned int","'98.95029449"
"'8","'LINE","'4","'97.19567108"
"'8","'LINE","'3006H","'99.57848358"
"'8","'LINE","'1","'92.37145233"
"'8","'LINE","'Disattivazione di uno step","'99.16001129"
"'8","'LINE","'Step de-activation","'99.24156952"
"'8","'LINE","'Unsigned int","'99.07933807"
"'8","'LINE","'4","'97.06792450"
"'8","'LINE","'ATTENZIONE: Dopo aver usato questo comando è preferibile utilizzare il comando di REBOOT.","'97.94309998"
"'8","'LINE","'ATTENTION: After using of this command it is recommended to send REBOOT command.","'98.86540985"
"'8","'LINE","'2","'86.03196716"
"'8","'LINE","'Scrivere nel registro indicato il numero dello step da attivare/disattivare. Se si tenta di attivare uno step per il quale è in corso il tempo di riconnessione, il comando","'97.89481354"
"'8","'LINE","'non verrà eseguito.","'98.33373260"
"'8","'LINE","'Write in the correspondent register the number of the step to be activated/ deactivated. Trying to activate a step while the correspondent reconnection time is running,","'98.87842560"
"'8","'LINE","'the command will be ignored.","'99.37448120"
"'8","'LINE","'Lovato","'90.48788452"
"'8","'LINE","'electric","'90.86914063"
"'8","'LINE","'Doc. 1432IGB05_20.docx","'81.85148621"
"'8","'LINE","'20/05/2020","'99.64524841"
"'8","'LINE","'P. 8/12","'72.18625641"
"'9","'LINE","'TABELLA 4:","'97.07360077"
"'9","'LINE","'TABLE 4:","'96.61989594"
"'9","'LINE","'EVENTI","'99.87304688"
"'9","'LINE","'EVENTS","'99.88281250"
"'9","'LINE","'Indirizzo","'99.25720978"
"'9","'LINE","'UNITA'","'97.85395050"
"'9","'LINE","'FORMATO","'99.65421295"
"'9","'LINE","'WORDS","'99.89257813"
"'9","'LINE","'MISURA","'99.81365967"
"'9","'LINE","'MEASURE","'99.89257813"
"'9","'LINE","'Address","'99.89178467"
"'9","'LINE","'UNIT","'99.60937500"
"'9","'LINE","'FORMAT","'99.73394012"
"'9","'LINE","'5030H","'99.03759003"
"'9","'LINE","'1","'93.50426483"
"'9","'LINE","'PUNTATORE EVENTI","'99.41207123"
"'9","'LINE","'EVENTS POINTER","'99.19353485"
"'9","'LINE","'Unsigned","'99.95117188"
"'9","'LINE","'Indica l'ultimo evento registrato (LSB) / CONTATORE EVENTI","'95.37264252"
"'9","'LINE","'Last event stored (LSB)/ EVENTS COUNTER","'99.43093872"
"'9","'LINE","'integer","'99.56233978"
"'9","'LINE","'Indica il numero totale eventi (MSB)","'98.70056915"
"'9","'LINE","'Total events stored (MSB)","'99.61286163"
"'9","'LINE","'5032H","'99.64524841"
"'9","'LINE","'43","'99.41246796"
"'9","'LINE","'Descrizione Evento nella lingua corrente","'99.34099579"
"'9","'LINE","'Event description using current language","'99.56110382"
"'9","'LINE","'Unsigned","'99.88121796"
"'9","'LINE","'integer","'99.15397644"
"'9","'LINE","'Procedura per la lettura degli eventi","'99.35620117"
"'9","'LINE","'Procedure for events reading","'99.71903992"
"'9","'LINE","'1 Lettura di contatore e puntatore eventi con funzione 04 dall'indirizzo 5030H","'97.80348969"
"'9","'LINE","'1 Reading of event counter and pointer with function 04 from address 5030H","'98.69939423"
"'9","'LINE","'2 Il contatore è nel MSB del valore restituito, il puntatore nel LSB","'94.11917877"
"'9","'LINE","'2 The counter is in the MSB of the return value, the pointer to the LSB","'98.84902954"
"'9","'LINE","'3 Scrittura con funzione 06 del numero di evento desiderato, scrivendolo all'indirizzo","'98.27402496"
"'9","'LINE","'3 Writing with 06 function of the number of desired event, writing to the address","'98.92656708"
"'9","'LINE","'5030H","'99.31660461"
"'9","'LINE","'5030H","'99.20181274"
"'9","'LINE","'4 Lettura del testo dell'evento con funzione 04, dall'indirizzo 5032H per 43 registri","'98.43289948"
"'9","'LINE","'4 Read of the text of the event with function 04, 43 registers from address 5032H","'98.92092133"
"'9","'LINE","'5 - Vengono ritornati 86 byte: i primi 10 sono la data, 1=separatore, dal 12 fino al 19 ora,","'96.15692139"
"'9","'LINE","'5 86 bytes are returned: the first 10 are the date, 11 separator, from 12 to 19","'97.43571472"
"'9","'LINE","'20=separatore, dal 21.mo alla fine testo evento","'97.67760468"
"'9","'LINE","'hour, 20 separator, from 21.st to the end = event text","'97.02940369"
"'9","'LINE","'Dati: cnt = numero di eventi da scaricare, pnt puntatore all'ultimo evento","'97.84296417"
"'9","'LINE","'Given: cnt number of events to download, pnt pointer to the last event","'99.15601349"
"'9","'LINE","'Dopo reset si parte da cnt= 0 pnt 0","'96.54206848"
"'9","'LINE","'After reset, start from cnt 0, pnt 0","'96.76959229"
"'9","'LINE","'Quando si verificano degli eventi si incrementano sia pnt che cnt","'98.98394012"
"'9","'LINE","'When events occur that will increase both pnt and cnt","'99.12045288"
"'9","'LINE","'Quando cnt arriva al valore max (250) il contatore non si incrementa più e il puntatore","'98.09265137"
"'9","'LINE","'When cnt reaches the maximum value (250), the counter does not increment","'99.55712891"
"'9","'LINE","'riparte da 1","'95.99044800"
"'9","'LINE","'the pointer over and starts again from 1","'98.36176300"
"'9","'LINE","'Quando si vuole leggere l'evento più giovane, richiedere il record nr. 1 (write al 5030","'98.07901001"
"'9","'LINE","'When you want to read the younger event, ask for the record no. 1 (by writing","'98.73822784"
"'9","'LINE","'scrivendo 1)","'95.84821320"
"'9","'LINE","'to 5030)","'95.07205200"
"'9","'LINE","'Quando si vuole leggere l'evento più vecchio, richiedere il record nr. cnt (write 5030","'98.20030975"
"'9","'LINE","'When you want to read the oldest event, ask for the record no. cnt (write","'99.37970734"
"'9","'LINE","'del valore di cnt)","'98.61193848"
"'9","'LINE","'5030 the value of cnt)","'98.78910065"
"'9","'LINE","'TABELLA 5:","'97.88783264"
"'9","'LINE","'TABLE 5:","'96.95820618"
"'9","'LINE","'EVENTI:","'99.83318329"
"'9","'LINE","'EVENTS:","'99.84375000"
"'9","'LINE","'Il numero massimo eventi memorizzati è 250 (buffer circolare).","'94.18753052"
"'9","'LINE","'The max events number stored is 250 (circular buffer).","'99.21418762"
"'9","'LINE","'Indirizzo","'99.29707336"
"'9","'LINE","'SORGENTE","'99.77379608"
"'9","'LINE","'CLASSE EVENTO","'99.08043671"
"'9","'LINE","'TIPO EVENTO","'98.75857544"
"'9","'LINE","'EVENT CLASS","'99.28222656"
"'9","'LINE","'EVENT TYPE","'98.86110687"
"'9","'LINE","'Address","'99.92187500"
"'9","'LINE","'SOURCE","'99.84375000"
"'9","'LINE","'0- POWER ON","'97.23506927"
"'9","'LINE","'0- POWER ON","'97.18324280"
"'9","'LINE","'0","'90.39540863"
"'9","'LINE","'POWER","'99.87304688"
"'9","'LINE","'1- POWER DOWN","'95.90796661"
"'9","'LINE","'POWER","'99.91210938"
"'9","'LINE","'1- POWER DOWN","'96.47248077"
"'9","'LINE","'2- REBOOT","'97.00563812"
"'9","'LINE","'2- REBOOT","'97.28515625"
"'9","'LINE","'0- INIZIO ALLARME","'97.91327667"
"'9","'LINE","'0- ALARM BEGIN","'98.04993439"
"'9","'LINE","'2","'97.74414063"
"'9","'LINE","'ALLARME","'99.79332733"
"'9","'LINE","'1- FINE ALLARME","'96.50722504"
"'9","'LINE","'ALLARM","'99.84295654"
"'9","'LINE","'1- ALARM END","'96.32898712"
"'9","'LINE","'2- RESET ALLARME","'98.13616180"
"'9","'LINE","'2- ALARM RESET","'98.26145172"
"'9","'LINE","'0- LIMITE ON","'97.28522491"
"'9","'LINE","'0- LIMIT ON","'97.28362274"
"'9","'LINE","'3","'97.10379028"
"'9","'LINE","'LIMITE","'99.81285858"
"'9","'LINE","'LIMIT","'99.84375000"
"'9","'LINE","'1- LIMITE OFF","'96.03522491"
"'9","'LINE","'1- LIMIT OFF","'95.51355743"
"'9","'LINE","'0- COMANDO REMOTO ON","'98.30676270"
"'9","'LINE","'0- REMOTE COMMAND ON","'97.90617371"
"'9","'LINE","'4","'97.56596375"
"'9","'LINE","'REMOTO","'99.84375000"
"'9","'LINE","'REMOTE","'99.73394012"
"'9","'LINE","'1- COMANDO REMOTO OFF","'97.40074921"
"'9","'LINE","'1- REMOTE COMMAND OFF","'97.25914764"
"'9","'LINE","'0- COMUNICAZIONE ON","'97.62682343"
"'9","'LINE","'0- COMMUNICATION ON","'97.53673553"
"'9","'LINE","'5","'97.88903046"
"'9","'LINE","'COMUNICAZIONE","'99.60299683"
"'9","'LINE","'COMMUNICATION","'99.84215546"
"'9","'LINE","'1- COMUNICAZIONE OFF","'96.68028259"
"'9","'LINE","'1- COMMUNICATION OFF","'96.65943146"
"'9","'LINE","'0- MENU PARAMETRI","'97.44293976"
"'9","'LINE","'0- PARAMETERS MENU","'97.79635620"
"'9","'LINE","'7","'96.13281250"
"'9","'LINE","'SETUP","'99.88281250"
"'9","'LINE","'SETUP","'99.89257813"
"'9","'LINE","'2- MPOSTAZIONE OROLOGIO","'97.68315887"
"'9","'LINE","'2- CLOCK SETUP","'98.05989838"
"'9","'LINE","'0- AZZERA ENERGIA PARZIALE","'97.82824707"
"'9","'LINE","'0- RESET PARTIAL ENERGY","'98.56225586"
"'9","'LINE","'1- AZZERA CONTATORI","'95.58068848"
"'9","'LINE","'1- RESET COUNTERS","'96.80179596"
"'9","'LINE","'2- AZZERA LIMITI","'97.50518036"
"'9","'LINE","'2- RESET LIMITS","'97.46067047"
"'9","'LINE","'3- AZZERA TEMP. MASSIMA","'98.45837402"
"'9","'LINE","'3- RESET MAX TEMP.","'98.29828644"
"'9","'LINE","'4- AZZERA STEP OVERLOAD","'97.84020233"
"'9","'LINE","'4- RESET STEP OVERLOAD","'98.64935303"
"'9","'LINE","'5- AZZERA TEMPI INSERZIONE STEP","'98.51598358"
"'9","'LINE","'5- RESET STEP INSERTION TIME","'98.71273041"
"'9","'LINE","'6- AZZERA MANOVRE CONDENSATORI","'98.16431427"
"'9","'LINE","'6- RESET STEP INSERTION COUNT","'98.74903870"
"'9","'LINE","'7- AZZERA STEP TRIMMING","'97.57005310"
"'9","'LINE","'7- RESET STEP TRIMMING","'97.89226532"
"'9","'LINE","'8- AZZERA ENERGIA TOTALE","'98.83913422"
"'9","'LINE","'8- RESET TOTAL ENERGY","'98.79618835"
"'9","'LINE","'8","'96.41282654"
"'9","'LINE","'MENU COMANDI","'98.84397125"
"'9","'LINE","'COMMAND MENU","'99.49268341"
"'9","'LINE","'9- RIPRISTINA MODO TEST","'98.98278046"
"'9","'LINE","'9- RESTORE TEST MODE","'98.87232208"
"'9","'LINE","'10- AZZERA EVENTI","'97.54789734"
"'9","'LINE","'10- RESET EVENTS","'98.61573792"
"'9","'LINE","'11- SETUP A DEFAULT","'95.93570709"
"'9","'LINE","'11- SETUP TO DEFAULT","'90.68922424"
"'9","'LINE","'12- SALVA COPIA SETUP","'98.79743195"
"'9","'LINE","'12- SAVE SETUP","'98.92173004"
"'9","'LINE","'13- RIPRISTINA SETUP","'98.84905243"
"'9","'LINE","'13- RESTORE SETUP","'99.16587067"
"'9","'LINE","'14- AZZERA TPF SETTIMANALE","'98.67794800"
"'9","'LINE","'14- RESET WEEKLY TPF","'99.30384827"
"'9","'LINE","'15- AZZERA MANUTENZIONE 1","'97.06388855"
"'9","'LINE","'15- RESET SERVICE 1","'97.07479858"
"'9","'LINE","'16- AZZERA MANUTENZIONE 2","'97.56925964"
"'9","'LINE","'16- RESET SERVICE 2","'98.06560516"
"'9","'LINE","'17- AZZERA MANUTENZIONE 3","'97.25735474"
"'9","'LINE","'17- RESET SERVICE 3","'97.93806458"
"'9","'LINE","'0- PASSWORD UTENTE","'98.03066254"
"'9","'LINE","'0- USER PASSWORD","'97.63599396"
"'9","'LINE","'9","'97.60742188"
"'9","'LINE","'PASSWORD","'99.77300262"
"'9","'LINE","'PASSWORD","'99.87304688"
"'9","'LINE","'1- PASSWORD AMMINISTRATORE","'97.68288422"
"'9","'LINE","'1- ADMINISTARTOR PASSWORD","'96.69709015"
"'9","'LINE","'10","'99.59881592"
"'9","'LINE","'CONFIGURAZIONE","'99.60698700"
"'9","'LINE","'0- CAMBIO CONFIGURAZIONE MODULI","'98.43800354"
"'9","'LINE","'CONFIGURATION","'99.80309296"
"'9","'LINE","'0- CHANGE MODULE CONFIGURATION","'98.82269287"
"'9","'LINE","'TABELLA 6:","'98.62025452"
"'9","'LINE","'TABLE 6:","'97.44469452"
"'9","'LINE","'STATO ALLARMI","'99.52397156"
"'9","'LINE","'ALARM STATUS","'99.56991577"
"'9","'LINE","'Indirizzo","'99.29786682"
"'9","'LINE","'UNITA'","'98.77809906"
"'9","'LINE","'FORMATO","'99.65341949"
"'9","'LINE","'From","'99.75585938"
"'9","'LINE","'WORDS","'99.83318329"
"'9","'LINE","'MISURA","'99.87304688"
"'9","'LINE","'MEASURE","'99.77539063"
"'9","'LINE","'Address","'99.89257813"
"'9","'LINE","'UNIT","'99.68750000"
"'9","'LINE","'FORMAT","'99.79332733"
"'9","'LINE","'Fw.Rev.","'98.43590546"
"'9","'LINE","'1400H","'99.52965546"
"'9","'LINE","'2","'97.29492188"
"'9","'LINE","'STATO ALLARMI","'99.44744873"
"'9","'LINE","'ALARM STATUS","'99.29000092"
"'9","'LINE","'Unsigned long","'99.37340546"
"'9","'LINE","'4","'97.22994995"
"'9","'LINE","'Lovato","'92.16996765"
"'9","'LINE","'electric","'92.52929688"
"'9","'LINE","'Doc. I432IGB05_20.docx","'85.93580627"
"'9","'LINE","'20/05/2020","'99.67534637"
"'9","'LINE","'P. 9 / 12","'75.42031860"
"'10","'LINE","'TABELLA 7:","'96.67440796"
"'10","'LINE","'TABLE 7:","'96.71307373"
"'10","'LINE","'CODIFICA ALLARMI","'99.57927704"
"'10","'LINE","'ALARM SCHEME","'99.64804077"
"'10","'LINE","'Bit","'99.26519012"
"'10","'LINE","'TIPO ALLARME","'99.26189423"
"'10","'LINE","'ALARM TYPE","'99.25781250"
"'10","'LINE","'#","'97.57812500"
"'10","'LINE","'0","'95.54528046"
"'10","'LINE","'A01 SOTTOCOMPENSAZIONE","'98.57810974"
"'10","'LINE","'A01 UNDER COMPENSATION","'99.34523773"
"'10","'LINE","'1","'94.81365967"
"'10","'LINE","'A02 SOVRACOMPENSAZIONE","'98.41796875"
"'10","'LINE","'A02 OVER COMPENSATION","'99.46887207"
"'10","'LINE","'2","'97.64648438"
"'10","'LINE","'A03 CORRENTE IMPIANTO TROPPO BASSA","'99.12567902"
"'10","'LINE","'A03 LOW CURRENT","'98.71851349"
"'10","'LINE","'3","'97.54324341"
"'10","'LINE","'A04 CORRENTE IMPIANTO TROPPO ALTA","'99.40222168"
"'10","'LINE","'A04 HIGH CURRENT","'99.27275848"
"'10","'LINE","'4","'98.03471375"
"'10","'LINE","'A05 TENSIONE IMPIANTO TROPPO BASSA","'99.50849152"
"'10","'LINE","'A05 LOW VOLTAGE","'98.98902893"
"'10","'LINE","'5","'98.13397217"
"'10","'LINE","'A06 TENSIONE IMPIANTO TROPPO ALTA","'99.26829529"
"'10","'LINE","'A06 HIGH VOLTAGE","'99.04356384"
"'10","'LINE","'6","'98.38707733"
"'10","'LINE","'A07 TEMPERATURA IMPIANTO TROPPO ALTA","'98.97177887"
"'10","'LINE","'A07 OVERTEMPERATURE","'99.08750916"
"'10","'LINE","'7","'98.01757813"
"'10","'LINE","'A08 SOVRACCARICO CONDENSATORE","'99.12720490"
"'10","'LINE","'A08 CAPACITOR OVERLOAD","'99.28551483"
"'10","'LINE","'8","'97.78001404"
"'10","'LINE","'A09 MICROINTERRUZIONE","'85.59978485"
"'10","'LINE","'A09 NO-VOLTAGE RELEASE","'98.71804810"
"'10","'LINE","'9","'98.27068329"
"'10","'LINE","'A10 STEP DIFETTOSO","'98.01977539"
"'10","'LINE","'A10 STEP FAILURE","'98.81191254"
"'10","'LINE","'10","'99.52069092"
"'10","'LINE","'A11 EVENTO ARMONICO: CORRENTE TROPPO ALTA","'98.86652374"
"'10","'LINE","'A11 HARMONIC EVENT: HIGH CURRENT","'99.19435120"
"'10","'LINE","'11","'99.59881592"
"'10","'LINE","'A12 EVENTO ARMONICO: THD TROPPO ALTA","'98.69087219"
"'10","'LINE","'A12 HARMONIC EVENT: HIGH THD","'99.11818695"
"'10","'LINE","'12","'99.68750000"
"'10","'LINE","'A13 EVENTO ARMONICO: 5. ARMONICA","'98.87926483"
"'10","'LINE","'A13 HARMONIC EVENT: 5. HARM.","'98.60957336"
"'10","'LINE","'13","'99.79492188"
"'10","'LINE","'A14 EVENTO ARMONICO: 7. ARMONICA","'98.15090942"
"'10","'LINE","'A14 HARMONIC EVENT: 7. HARM.","'98.57784271"
"'10","'LINE","'14","'99.76403046"
"'10","'LINE","'A15 EVENTO ARMONICO: 11. ARMONICA","'99.02658081"
"'10","'LINE","'A15 HARMONIC EVENT: 11. HARM.","'98.77331543"
"'10","'LINE","'15","'99.61834717"
"'10","'LINE","'A16 EVENTO ARMONICO: 13. ARMONICA","'98.82410431"
"'10","'LINE","'A16 HARMONIC EVENT: 13. HARM.","'98.90517426"
"'10","'LINE","'16","'99.64764404"
"'10","'LINE","'A17 PROT. 1 ALTA TEMP.","'97.98217773"
"'10","'LINE","'A17 PROT. 1 HI TEMP.","'96.68920898"
"'10","'LINE","'17","'99.55895233"
"'10","'LINE","'A18 PROT. 2 ALTA TEMP.","'98.30991364"
"'10","'LINE","'A18 PROT. 2 HI TEMP.","'97.91537476"
"'10","'LINE","'18","'99.61754608"
"'10","'LINE","'A19 ERRORE COLLEGAMENTO","'98.86579895"
"'10","'LINE","'A19 LINK ERROR","'98.74960327"
"'10","'LINE","'19","'99.61834717"
"'10","'LINE","'UA1 ALLARME UTENTE 1","'97.83795929"
"'10","'LINE","'UA1 USER ALARM 1","'97.87985992"
"'10","'LINE","'20","'99.63787079"
"'10","'LINE","'UA2 ALLARME UTENTE 2","'98.82428741"
"'10","'LINE","'UA2 USER ALARM 2","'98.64302826"
"'10","'LINE","'21","'99.72576141"
"'10","'LINE","'UA3 ALLARME UTENTE 3","'99.01042938"
"'10","'LINE","'UA3 USER ALARM 3","'98.18792725"
"'10","'LINE","'22","'99.64843750"
"'10","'LINE","'UA4 ALLARME UTENTE 4","'99.14939117"
"'10","'LINE","'UA4 USER ALARM 4","'98.66096497"
"'10","'LINE","'23","'99.52069092"
"'10","'LINE","'UA5 ALLARME UTENTE 5","'98.95203400"
"'10","'LINE","'UA5 USER ALARM 5","'98.54616547"
"'10","'LINE","'24","'99.65660858"
"'10","'LINE","'UA6 ALLARME UTENTE 6","'99.03160858"
"'10","'LINE","'UA6 USER ALARM 6","'98.09879303"
"'10","'LINE","'25","'99.61834717"
"'10","'LINE","'UA7 ALLARME UTENTE 7","'98.42285156"
"'10","'LINE","'UA7 USER ALARM 7","'98.22225952"
"'10","'LINE","'26","'99.63867188"
"'10","'LINE","'UA8 ALLARME UTENTE 8","'98.67272186"
"'10","'LINE","'UA8 USER ALARM 8","'98.46012115"
"'10","'LINE","'27","'99.72656250"
"'10","'LINE","'A01 MANUTENZIONE 1 SCADUTA","'97.77622986"
"'10","'LINE","'A01 SERVICE 1 EXPIRED","'98.16829681"
"'10","'LINE","'28","'99.56871796"
"'10","'LINE","'A02 MANUTENZIONE 2 SCADUTA","'98.73336029"
"'10","'LINE","'A02 SERVICE 2 EXPIRED","'98.63490295"
"'10","'LINE","'29","'99.65740204"
"'10","'LINE","'A03 MANUTENZIONE 3 SCADUTA","'97.71175385"
"'10","'LINE","'A03 SERVICE 3 EXPIRED","'98.15449524"
"'10","'LINE","'TABELLA 8:","'97.50856781"
"'10","'LINE","'TABLE 8:","'98.22066498"
"'10","'LINE","'OROLOGIO DATARIO","'99.46617889"
"'10","'LINE","'REAL TIME CLOCK","'99.71652985"
"'10","'LINE","'Indirizzo","'99.43459320"
"'10","'LINE","'From","'99.89257813"
"'10","'LINE","'WORDS","'99.87304688"
"'10","'LINE","'FUNZIONE","'99.83238983"
"'10","'LINE","'FUNCTION","'99.93164063"
"'10","'LINE","'RANGE","'99.88281250"
"'10","'LINE","'Address","'99.97070313"
"'10","'LINE","'Fw.Rev.","'95.69017029"
"'10","'LINE","'28F0H","'97.50657654"
"'10","'LINE","'1","'96.83514404"
"'10","'LINE","'Anno","'99.83238983"
"'10","'LINE","'Year","'99.92187500"
"'10","'LINE","'2000..2099","'99.06907654"
"'10","'LINE","'4","'98.14891815"
"'10","'LINE","'28F1H","'99.46208954"
"'10","'LINE","'1","'97.04021454"
"'10","'LINE","'Mese","'99.81285858"
"'10","'LINE","'Month","'99.89257813"
"'10","'LINE","'1-12","'99.38396454"
"'10","'LINE","'4","'98.39046478"
"'10","'LINE","'28F2H","'99.71679688"
"'10","'LINE","'1","'96.20615387"
"'10","'LINE","'Giorno","'99.67375183"
"'10","'LINE","'Day","'99.87304688"
"'10","'LINE","'1-31","'99.73632813"
"'10","'LINE","'4","'97.94384003"
"'10","'LINE","'28F3H","'99.72656250"
"'10","'LINE","'1","'95.84722137"
"'10","'LINE","'Ora","'99.29707336"
"'10","'LINE","'Hours","'99.85192108"
"'10","'LINE","'0-23","'99.80388641"
"'10","'LINE","'4","'98.15449524"
"'10","'LINE","'28F4H","'99.85351563"
"'10","'LINE","'1","'95.76829529"
"'10","'LINE","'Minuti","'99.85351563"
"'10","'LINE","'Minutes","'99.93164063"
"'10","'LINE","'0-59","'99.89257813"
"'10","'LINE","'4","'98.59873199"
"'10","'LINE","'28F5H","'99.67773438"
"'10","'LINE","'1","'95.11161041"
"'10","'LINE","'Secondi","'99.87224579"
"'10","'LINE","'Seconds","'99.93164063"
"'10","'LINE","'0-59","'99.87304688"
"'10","'LINE","'4","'98.55648041"
"'10","'LINE","'28FAH","'99.65820313"
"'10","'LINE","'1","'95.31011200"
"'10","'LINE","'Valore 01h: Salvataggio impostazione orologio","'99.44459534"
"'10","'LINE","'4","'97.84677887"
"'10","'LINE","'Value 01H: Save real time clock setting","'99.80098724"
"'10","'LINE","'datario","'98.08833313"
"'10","'LINE","'TABELLA 9:","'97.83651733"
"'10","'LINE","'TABLE 9:","'98.25155640"
"'10","'LINE","'Indirizzo","'99.27754211"
"'10","'LINE","'From","'99.85351563"
"'10","'LINE","'WORDS","'99.93164063"
"'10","'LINE","'STATI","'99.85351563"
"'10","'LINE","'STATUS","'99.95117188"
"'10","'LINE","'Address","'99.95117188"
"'10","'LINE","'Fw.Rev.","'98.20153046"
"'10","'LINE","'Cambio modalità operativa","'99.07260132"
"'10","'LINE","'Operative mode change","'99.50481415"
"'10","'LINE","'4","'97.45635223"
"'10","'LINE","'2F00H","'99.27754211"
"'10","'LINE","'1","'94.65501404"
"'10","'LINE","'Valore 01h: Modalita Manuale","'99.69118500"
"'10","'LINE","'Valore 01h:Manual Mode","'99.18732452"
"'10","'LINE","'Valore 02h: Modallita Automatica","'99.55148315"
"'10","'LINE","'Valore 02h: Automatic Mode","'99.68405914"
"'10","'LINE","'Valore 01h: Salvataggio eeprom","'99.30195618"
"'10","'LINE","'Value 01h: Eeprom save","'98.54307556"
"'10","'LINE","'4","'97.87368011"
"'10","'LINE","'2F03H","'99.68669891"
"'10","'LINE","'Valore 02H: Salvataggio Fram","'99.62876129"
"'10","'LINE","'Valore 02H: Fram save","'99.55426788"
"'10","'LINE","'4","'97.54324341"
"'10","'LINE","'1","'94.26358795"
"'10","'LINE","'Valore 04H: Salvataggio fram e reboot","'98.45786285"
"'10","'LINE","'Value 04h: Fram save and reboot","'99.57373047"
"'10","'LINE","'4","'97.85574341"
"'10","'LINE","'Valore 08H: Salvataggio eeprom e fram","'98.94956207"
"'10","'LINE","'Valore 08H: EEprom, Fram save","'98.33306885"
"'10","'LINE","'4","'98.03232574"
"'10","'LINE","'1","'94.68590546"
"'10","'LINE","'Valore 00h: Reset apparecchio","'99.65541077"
"'10","'LINE","'Value 00h: Reset device","'99.63298798"
"'10","'LINE","'4","'98.08195496"
"'10","'LINE","'2F07H","'99.61754608"
"'10","'LINE","'Valore 01h: Reset apparecchio con salvataggio in fram","'99.45729065"
"'10","'LINE","'Value 01h: Reset device and save Fram","'99.61868286"
"'10","'LINE","'28FAH","'99.59960938"
"'10","'LINE","'1","'94.92924500"
"'10","'LINE","'Valore 01h: Salvataggio impostazione orologio datario","'99.47647095"
"'10","'LINE","'Value 01H: Save real time clock setting","'99.63061523"
"'10","'LINE","'4","'97.10877228"
"'10","'LINE","'Lovato","'88.68940735"
"'10","'LINE","'electric","'90.63476563"
"'10","'LINE","'Doc. 1432IGB05_20.docx","'83.38000488"
"'10","'LINE","'20/05/2020","'99.84375000"
"'10","'LINE","'P. 10/12","'77.62939453"
"'11","'LINE","'IMPOSTAZIONE PARAMETRI","'99.04565430"
"'11","'LINE","'PARAMETER SETTING","'99.30136108"
"'11","'LINE","'Tramite il protocollo Modbus® e' possibile accedere","'95.95387268"
"'11","'LINE","'Using the Modbus® protocol it is possible to access","'98.09109497"
"'11","'LINE","'ai parametri dei menu.","'98.93001556"
"'11","'LINE","'the menu parameters.","'99.39028168"
"'11","'LINE","'Per interpretare correttamente la corrispondenza fra","'99.21509552"
"'11","'LINE","'To correctly understand the correspondence between","'99.40702057"
"'11","'LINE","'valore numerico e funzione selezionata e/o unita' di","'98.22183228"
"'11","'LINE","'the numeric value and the selected function and/or","'99.79055786"
"'11","'LINE","'misura, fare riferimento al manuale operativo del","'99.37816620"
"'11","'LINE","'the unit of measure, please see the DCRG operating","'99.63751984"
"'11","'LINE","'DCRG.","'98.51781464"
"'11","'LINE","'manual.","'99.80149841"
"'11","'LINE","'PROCEDURA PER LA LETTURA DEI PARAMETRI","'99.19779205"
"'11","'LINE","'PROCEDURE FOR THE READING OF","'99.56576538"
"'11","'LINE","'PARAMETERS","'99.65581512"
"'11","'LINE","'1.","'95.98154449"
"'11","'LINE","'Scrivere il valore del menu che si vuole leggere","'98.71496582"
"'11","'LINE","'1.","'97.21201324"
"'11","'LINE","'Write the value of the menu that you want to","'99.81112671"
"'11","'LINE","'tramite la funzione 6 all'indirizzo 5000H 0","'87.36719513"
"'11","'LINE","'read by using the function 6 at address","'99.67102814"
"'11","'LINE","'2.","'98.15350342"
"'11","'LINE","'Scrivere il valore del sottomenu (se esiste) che","'98.64387512"
"'11","'LINE","'5000HO.","'38.28623199"
"'11","'LINE","'si vuole leggere tramite la funzione 6","'98.82311249"
"'11","'LINE","'2.","'98.54412842"
"'11","'LINE","'Write the value of the submenu (if it is present)","'99.42484283"
"'11","'LINE","'all'indirizzo 5001H O.","'76.43172455"
"'11","'LINE","'that you want to read by using the function 6","'99.55159760"
"'11","'LINE","'3.","'98.44567108"
"'11","'LINE","'Scrivere il valore del parametro che si vuole","'98.54970551"
"'11","'LINE","'at address 5001HO.","'83.91947174"
"'11","'LINE","'leggere tramite la funzione 6 all'indirizzo","'98.45928955"
"'11","'LINE","'3.","'98.81676483"
"'11","'LINE","'Write the value of the parameter that you want","'99.74430084"
"'11","'LINE","'5002H 0.","'62.67947006"
"'11","'LINE","'to read by using the function 6 at address","'99.54491425"
"'11","'LINE","'4.","'98.83709717"
"'11","'LINE","'Eseguire la funzione 4 all'indirizzo 5004H, di","'98.09683990"
"'11","'LINE","'5002HO","'50.33880615"
"'11","'LINE","'un numero di registri appropriato alla","'98.95122528"
"'11","'LINE","'4.","'99.03160858"
"'11","'LINE","'Perform the function 4 at the address 5004H,","'99.20778656"
"'11","'LINE","'lunghezza del parametro vedi tabella).","'98.46799469"
"'11","'LINE","'with a number of registers appropriate to the","'99.17557526"
"'11","'LINE","'5.","'98.35618591"
"'11","'LINE","'Se si vuole leggere il parametro successivo,","'98.13528442"
"'11","'LINE","'length of the parameter (see table).","'99.31866455"
"'11","'LINE","'(all'interno dello stesso menu/sottomenu)","'98.06770325"
"'11","'LINE","'5.","'98.69957733"
"'11","'LINE","'If you want to read the next parameter (in the","'99.45510101"
"'11","'LINE","'ripetere il passo 4, altrimenti eseguire il passo","'98.06020355"
"'11","'LINE","'same menu/submenu) repeat step 4, otherwise","'98.92770386"
"'11","'LINE","'1.","'97.03224945"
"'11","'LINE","'perform step 1.","'98.69253540"
"'11","'LINE","'PROCEDURA PER LA SCRITTURA DEI","'99.34770203"
"'11","'LINE","'PARAMETRI","'99.69487000"
"'11","'LINE","'PROCEDURE FOR THE WRITING OF","'99.59311676"
"'11","'LINE","'1.","'96.15413666"
"'11","'LINE","'Scrivere il valore del menu che si vuole","'98.58465576"
"'11","'LINE","'PARAMETERS","'99.81365967"
"'11","'LINE","'modificare tramite la funzione 6 all'indirizzo","'98.33346558"
"'11","'LINE","'1.","'97.81828308"
"'11","'LINE","'Write the value of the menu that you want to","'99.66764832"
"'11","'LINE","'5000H","'91.73648834"
"'11","'LINE","'change by using the function 6 at address","'99.39393616"
"'11","'LINE","'2.","'98.39764404"
"'11","'LINE","'Scrivere il valore del sottomenu (se esiste) che","'98.81587219"
"'11","'LINE","'5000HO","'82.84259796"
"'11","'LINE","'si vuole modificare tramite la funzione 6","'98.97318268"
"'11","'LINE","'2.","'98.39764404"
"'11","'LINE","'Write the value of the submenu (if it is present)","'99.24288177"
"'11","'LINE","'all'indirizzo 5001HO","'84.91629028"
"'11","'LINE","'that you want to change by using the function","'99.78832245"
"'11","'LINE","'3.","'98.48394012"
"'11","'LINE","'Scrivere il valore parametro che si vuole","'98.43610382"
"'11","'LINE","'6 at address 5001HO","'92.65430450"
"'11","'LINE","'modificare tramite la funzione 6 all'indirizzo","'98.49818420"
"'11","'LINE","'3.","'98.34801483"
"'11","'LINE","'Write the value of the parameter that you want","'99.79087067"
"'11","'LINE","'5002HO","'86.29544067"
"'11","'LINE","'to change by using the function 6 at address","'99.50640106"
"'11","'LINE","'4.","'99.06170654"
"'11","'LINE","'Eseguire la funzione 16 all'indirizzo 5004H, di","'98.41568756"
"'11","'LINE","'5001HO","'68.49430084"
"'11","'LINE","'un numero di registri appropriato alla","'98.96401215"
"'11","'LINE","'4.","'98.95427704"
"'11","'LINE","'Perform the function 16 at address 5004H,","'99.69857025"
"'11","'LINE","'lunghezza del parametro.","'99.10448456"
"'11","'LINE","'with a number of registers appropriate to the","'99.28758240"
"'11","'LINE","'5.","'98.34881592"
"'11","'LINE","'Se si vuole scrivere il parametro successivo,","'98.06617737"
"'11","'LINE","'length of the parameter","'99.70523834"
"'11","'LINE","'all'interno dello stesso menu/sottomenu","'98.10472107"
"'11","'LINE","'5.","'99.32537842"
"'11","'LINE","'If you want to write the next parameter, in the","'99.53377533"
"'11","'LINE","'ripetere il passo 4, altrimenti eseguire il passo","'97.86347198"
"'11","'LINE","'same menu / submenu repeat step 4, otherwise","'95.92239380"
"'11","'LINE","'1, se non bisogna scrivere ulteriori parametri","'98.73989105"
"'11","'LINE","'perform step 1, if you do not have to write","'99.25750732"
"'11","'LINE","'eseguire il passo 6.","'97.41908264"
"'11","'LINE","'additional parameters go to step 6.","'99.17484283"
"'11","'LINE","'6.","'98.44647217"
"'11","'LINE","'Per rendere effettivo un cambiamento nel","'99.14185333"
"'11","'LINE","'6.","'98.48552704"
"'11","'LINE","'To make effective the changes made to setup","'99.57374573"
"'11","'LINE","'menu di setup e' necessario memorizzare i","'96.12220764"
"'11","'LINE","'parameters it is necessary to store the","'99.15367126"
"'11","'LINE","'valori in EEPROM, utilizzando l'apposito","'98.44304657"
"'11","'LINE","'values in EEPROM, using the dedicated","'99.49743652"
"'11","'LINE","'comando descritto nella tabella 9.(scrivere il","'98.42584229"
"'11","'LINE","'command described in table 9.(write value 01","'99.12171936"
"'11","'LINE","'valore 01 con la funzione 6 all' indirizzo","'97.89794922"
"'11","'LINE","'by using function 6 at address 2F03H) and","'99.42527771"
"'11","'LINE","'2F03H) e poi successivamente il valore 04","'97.83689880"
"'11","'LINE","'then write value 04 again at address 2F03H.","'99.46956635"
"'11","'LINE","'sempre all'indirizzo 2F03H.","'97.24729156"
"'11","'LINE","'TIPO DI PARAMETRO","'98.95295715"
"'11","'LINE","'NUMERO","'99.77379608"
"'11","'LINE","'REGISTRI","'99.87304688"
"'11","'LINE","'Testo lunghezza 6 caratteri","'98.67092896"
"'11","'LINE","'3 registri","'98.15319824"
"'11","'LINE","'TYPE OF PARAMETER","'99.53397369"
"'11","'LINE","'NUMBER OF","'99.66796875"
"'11","'LINE","'(es. M21.01.06)","'97.48923492"
"'11","'LINE","'(6 byte)","'94.28043365"
"'11","'LINE","'REGISTER","'99.84295654"
"'11","'LINE","'Testo lunghezza 16 caratteri","'99.31959534"
"'11","'LINE","'8 registri","'97.52541351"
"'11","'LINE","'Text length 6 characters","'99.12602997"
"'11","'LINE","'3 registers","'96.93119812"
"'11","'LINE","'(es. M21.01.05)","'97.68763733"
"'11","'LINE","'(16 byte)","'94.06748199"
"'11","'LINE","'(ex. M25.01.06)","'96.68666077"
"'11","'LINE","'(6 byte)","'95.36082458"
"'11","'LINE","'Testo lunghezza 20 caratteri","'99.37330627"
"'11","'LINE","'10 registri","'98.68134308"
"'11","'LINE","'Text length 16 characters","'99.51396179"
"'11","'LINE","'8 registers","'97.48255920"
"'11","'LINE","'(es. M01.9)","'96.61322021"
"'11","'LINE","'(20 byte)","'94.91260529"
"'11","'LINE","'(ex. M21.01.05)","'96.33280945"
"'11","'LINE","'(16 byte)","'94.55048370"
"'11","'LINE","'Valore numerico < 32768","'96.94654846"
"'11","'LINE","'1 registri","'96.43405151"
"'11","'LINE","'Text length 20 characters","'99.45516968"
"'11","'LINE","'10 registers","'98.94860077"
"'11","'LINE","'(es M01.07)","'96.14556885"
"'11","'LINE","'(2 byte)","'93.79544067"
"'11","'LINE","'(ex. M01.9)","'92.94473267"
"'11","'LINE","'(20 byte)","'92.34140778"
"'11","'LINE","'Valore numerico > 32768","'96.99243927"
"'11","'LINE","'2 registri","'96.86663055"
"'11","'LINE","'Numeric value < 32768","'96.58165741"
"'11","'LINE","'1 registers","'96.40874481"
"'11","'LINE","'(es M02.07)","'96.18542480"
"'11","'LINE","'(4 byte)","'93.96045685"
"'11","'LINE","'(ex M01.07)","'97.06523132"
"'11","'LINE","'(2 byte)","'95.35714722"
"'11","'LINE","'Indirizzo IP","'98.47955322"
"'11","'LINE","'2 registri","'96.49144745"
"'11","'LINE","'Numeric value > 32768","'96.61907196"
"'11","'LINE","'2 registers","'96.95272827"
"'11","'LINE","'(es. M16.0x.06 M16.0x.07)","'93.58451080"
"'11","'LINE","'(4 byte)","'94.66717529"
"'11","'LINE","'(ex M02.07)","'97.65386200"
"'11","'LINE","'(4 byte)","'95.19252014"
"'11","'LINE","'IP address","'99.43767548"
"'11","'LINE","'2 registers","'96.63942719"
"'11","'LINE","'E' possibile leggere il valore del menu, sottomenu","'98.08840179"
"'11","'LINE","'(ex. M16.0x.06 M16.0x.07)","'92.73238373"
"'11","'LINE","'(4 byte)","'95.36880493"
"'11","'LINE","'e parametro memorizzati agli indirizzi 5000H,5001H","'97.32016754"
"'11","'LINE","'e 5002H utilizzando la funzione 4","'97.53893280"
"'11","'LINE","'It's 'possible to read the menu, submenus, and","'98.20778656"
"'11","'LINE","'parameter stored at the addresses 5000H, 5001H","'99.59326172"
"'11","'LINE","'Vedere esempio seguente","'99.47391510"
"'11","'LINE","'and 5002H by using the function 4","'99.20015717"
"'11","'LINE","'See the following example","'99.89218140"
"'11","'LINE","'Lovato","'64.12567139"
"'11","'LINE","'electric","'88.58886719"
"'11","'LINE","'Doc. 1432IGB05_20.docx","'84.49547577"
"'11","'LINE","'20/05/2020","'99.76483154"
"'11","'LINE","'P. 11/12","'80.26686096"
"'12","'LINE","'ESEMPIO I EXAMPLE","'83.55621338"
"'12","'LINE","'Impostare a 200 il valore del parametro P02.01 (Primario TA)","'97.85413361"
"'12","'LINE","'Set to 200 the value of parameter P02.01 (CT primary)","'99.30026245"
"'12","'LINE","'Passo 1 :Selezione menu 02.","'97.10446930"
"'12","'LINE","'Step 1 :Select menu 02.","'96.57147217"
"'12","'LINE","'MASTER Funzione / Function","'94.89407349"
"'12","'LINE","'= 6","'90.87203217"
"'12","'LINE","'Indirizzo / Address","'92.61167908"
"'12","'LINE","'= 5000H 5000H 0001H =4FFFH)","'91.27059174"
"'12","'LINE","'Valore / Value","'93.31994629"
"'12","'LINE","'= 2 (02H)","'90.20484924"
"'12","'LINE","'01","'96.84570313"
"'12","'LINE","'06","'97.06951141"
"'12","'LINE","'4F","'95.04882813"
"'12","'LINE","'FF","'96.09375000"
"'12","'LINE","'00","'96.07681274"
"'12","'LINE","'02","'97.10937500"
"'12","'LINE","'2E","'93.73804474"
"'12","'LINE","'EF","'95.71049500"
"'12","'LINE","'DCRG","'99.88281250"
"'12","'LINE","'Funzione / Function","'91.01070404"
"'12","'LINE","'=6","'52.76566696"
"'12","'LINE","'Indirizzo / Address","'92.75045776"
"'12","'LINE","'= 5000H 5000H 0001H =4FFFH)","'93.37422180"
"'12","'LINE","'Valore Value","'97.54154968"
"'12","'LINE","'= 4 (04H)","'91.26226044"
"'12","'LINE","'01","'95.38005829"
"'12","'LINE","'06","'97.25506592"
"'12","'LINE","'4F","'93.29101563"
"'12","'LINE","'FF","'93.20312500"
"'12","'LINE","'00","'97.10140228"
"'12","'LINE","'02","'97.57812500"
"'12","'LINE","'2E","'94.05871582"
"'12","'LINE","'EF","'93.56285858"
"'12","'LINE","'(Nota: in questo caso di esempio non è necessaria impostazione del sotto-menu all'indirizzo 5001)","'98.92152405"
"'12","'LINE","'(Note: In this example it is not necessary to set the sub-menu number at address 5001)","'99.51834869"
"'12","'LINE","'Passo 2 :Impostazione parametro 01.","'98.48661041"
"'12","'LINE","'Step 2 :Set parameter 01.","'94.99824524"
"'12","'LINE","'MASTER","'99.88281250"
"'12","'LINE","'Funzione / Function","'94.10960388"
"'12","'LINE","'= 6","'93.65892029"
"'12","'LINE","'Indirizzo / Address","'92.76446533"
"'12","'LINE","'= 5002H 5002H 0001H =5001H)","'92.33924866"
"'12","'LINE","'Valore / Value","'93.11068726"
"'12","'LINE","'= (01H)","'93.51084137"
"'12","'LINE","'01","'97.72380829"
"'12","'LINE","'06","'96.32812500"
"'12","'LINE","'50","'97.02068329"
"'12","'LINE","'01","'98.00701904"
"'12","'LINE","'00","'98.19914246"
"'12","'LINE","'01","'98.62225342"
"'12","'LINE","'08","'97.58629608"
"'12","'LINE","'CA","'99.08860779"
"'12","'LINE","'DCRG","'99.85271454"
"'12","'LINE","'Funzione / Function","'93.73937225"
"'12","'LINE","'= 6","'60.29177475"
"'12","'LINE","'Indirizzo / Address","'93.48154449"
"'12","'LINE","'= 5002H 5002H 0001H =5001H)","'93.17031860"
"'12","'LINE","'Valore Value","'98.18528748"
"'12","'LINE","'= 2 (02H)","'91.59130096"
"'12","'LINE","'01","'96.33789063"
"'12","'LINE","'06","'96.66912842"
"'12","'LINE","'50","'95.55583954"
"'12","'LINE","'01","'96.98242188"
"'12","'LINE","'00","'97.14046478"
"'12","'LINE","'01","'98.98197937"
"'12","'LINE","'08","'98.13476563"
"'12","'LINE","'CA","'98.54093933"
"'12","'LINE","'Passo 3 :Impostazione valore 200.","'98.17642212"
"'12","'LINE","'Step 3 :Set value 200.","'98.41558075"
"'12","'LINE","'MASTER","'99.84375000"
"'12","'LINE","'Funzione / Function","'92.59778595"
"'12","'LINE","'= 16 (10H)","'94.84567261"
"'12","'LINE","'Indirizzo / Address","'91.32865906"
"'12","'LINE","'= 5004H ( 5004H 0001H =5003H)","'87.68630981"
"'12","'LINE","'Nr. registri / Nr. register = 1 (01H)","'93.70619202"
"'12","'LINE","'Nr. byte / Nr. bytes","'95.19160461"
"'12","'LINE","'= 2 (02H)","'94.23748016"
"'12","'LINE","'Valore / Value","'93.23922729"
"'12","'LINE","'= 200 (000000C8H)","'93.65971375"
"'12","'LINE","'01","'96.59179688"
"'12","'LINE","'10","'94.95037079"
"'12","'LINE","'50","'94.65740204"
"'12","'LINE","'03","'95.47851563"
"'12","'LINE","'00","'96.36978149"
"'12","'LINE","'01","'97.48943329"
"'12","'LINE","'02","'95.30273438"
"'12","'LINE","'00","'96.32174683"
"'12","'LINE","'C8","'93.94451141"
"'12","'LINE","'F7","'93.91601563"
"'12","'LINE","'F0","'83.96902466"
"'12","'LINE","'DCRG","'99.87304688"
"'12","'LINE","'Funzione / Function","'92.17657471"
"'12","'LINE","'= 16 (10H)","'95.23005676"
"'12","'LINE","'Indirizzo / Address","'90.32492065"
"'12","'LINE","'= 5004H 5004H 0001H =5003H)","'95.29918671"
"'12","'LINE","'Valore / Value","'92.30897522"
"'12","'LINE","'= 2 (02H)","'91.96697235"
"'12","'LINE","'01","'96.90429688"
"'12","'LINE","'10","'95.14648438"
"'12","'LINE","'50","'96.33789063"
"'12","'LINE","'03","'97.48784637"
"'12","'LINE","'00","'97.53427887"
"'12","'LINE","'01","'97.07031250"
"'12","'LINE","'E0","'54.05233383"
"'12","'LINE","'C9","'94.36124420"
"'12","'LINE","'Passo 4: Salavataggio eeprom.","'99.16643524"
"'12","'LINE","'Step 4: Save eeprom.","'99.16080475"
"'12","'LINE","'MASTER Funzione / Function","'94.84185791"
"'12","'LINE","'= 6 (06H)","'94.04277039"
"'12","'LINE","'Indirizzo / Address","'91.62727356"
"'12","'LINE","'= 2F03H (2F03H 0001H =2F02H)","'94.36412048"
"'12","'LINE","'Valore Value","'97.31285858"
"'12","'LINE","'= 1 (01H)","'93.12638855"
"'12","'LINE","'01","'97.31445313"
"'12","'LINE","'6","'95.98473358"
"'12","'LINE","'2F","'94.50195313"
"'12","'LINE","'02","'96.49414063"
"'12","'LINE","'00","'95.97177887"
"'12","'LINE","'01","'95.71209717"
"'12","'LINE","'E1","'92.32621002"
"'12","'LINE","'1E","'92.40015411"
"'12","'LINE","'DCRG","'99.87304688"
"'12","'LINE","'Nessuna risposta/No answer","'99.21642303"
"'12","'LINE","'Passo 5: Riavvio.","'99.32358551"
"'12","'LINE","'Step 5: Reboot.","'99.23589325"
"'12","'LINE","'MASTER","'99.91210938"
"'12","'LINE","'Funzione / Function","'91.65019226"
"'12","'LINE","'= 6 (06H)","'92.79120636"
"'12","'LINE","'Indirizzo / Address","'92.99512482"
"'12","'LINE","'= 2F03H (2F03H 0001H =2F02H)","'95.20738983"
"'12","'LINE","'Valore Value","'98.08962250"
"'12","'LINE","'= 4 (04H)","'93.92039490"
"'12","'LINE","'01","'97.35272217"
"'12","'LINE","'6","'95.70153046"
"'12","'LINE","'2F","'93.05664063"
"'12","'LINE","'02","'98.12500000"
"'12","'LINE","'00","'95.25729370"
"'12","'LINE","'04","'97.66442108"
"'12","'LINE","'21","'96.39569092"
"'12","'LINE","'1D","'95.81054688"
"'12","'LINE","'DCRG","'99.89257813"
"'12","'LINE","'Nessuna risposta/No answer","'99.36257935"
"'12","'LINE","'Lovato","'72.64528656"
"'12","'LINE","'electric","'91.96289063"
"'12","'LINE","'Doc. 1432IGB05_20.docx","'81.27899933"
"'12","'LINE","'20/05/2020","'99.81445313"
"'12","'LINE","'P. 12/12","'83.97884369"
